Apartamentos por Pisos,Año de Construcción,Barrio Privado,Baños,Cantidad de Pisos,Disposición,Dormitorios,Estado,Garajes,Gastos Comunes,Hectáreas,M² de terraza,M² del terreno,M² edificados,Piso,Plantas,Sobre,Tipo de Propiedad,Vivienda Social,Zona,Moneda,Monto
,2016.0,,1.0,,Al frente,1.0,Buen estado,1.0,,,,45.0,,9.0,1.0,,Apartamento,,Villa Biarritz,$,32000.0
,,,4.0,,No aplica,3.0,Buen estado,,,,,1.0,,,,,Casa,,La Barra,U$S,158000.0
,,,8.0,,No aplica,6.0,Buen estado,,,,,1.0,300.0,,,,Casa,,La Barra,U$S,220000.0
,,,1.0,10,No aplica,,Sin Definir,1.0,,,,,110.0,,1.0,,Apartamento,,Malvín,$,49000.0
,2024.0,,3.0,,No aplica,3.0,A estrenar,,,,,350.0,210.0,,1.0,,Casa,,Carrasco Barrios con Seguridad,U$S,160000.0
,1990.0,,2.0,,Al frente,2.0,Excelente estado,1.0,,,,,,7.0,1.0,,Apartamento,,Pocitos,$,35000.0
,1950.0,,1.0,,Al frente,2.0,Buen estado,,,,8.0,70.0,50.0,,1.0,,Casa,,Cerro,$,20000.0
,2023.0,,1.0,,Al frente,1.0,A estrenar,,,,,,,10.0,1.0,,Apartamento,,Punta Carretas,$,41000.0
,2022.0,,2.0,,No aplica,2.0,Buen estado,1.0,,,,,73.0,2.0,,,Apartamento,,Barra de Carrasco,U$S,68000.0
3.0,1976.0,,2.0,,Al frente,3.0,Buen estado,1.0,,,,,,8.0,,,Apartamento,,Pocitos,$,37500.0
2.0,1945.0,,2.0,6,Al frente,3.0,Buen estado,1.0,,,8.0,,111.0,2.0,1.0,,Apartamento,,Cordón,$,35000.0
,10.0,,3.0,,Al frente,5.0,Excelente estado,2.0,,,40.0,630.0,300.0,,2.0,,Casa,,Carrasco,U$S,288000.0
2.0,1997.0,,2.0,11,Al frente,2.0,Excelente estado,1.0,,,4.0,,70.0,,1.0,Rambla,Apartamento,,Villa Biarritz,U$S,52000.0
,2021.0,,3.0,,Al frente,,A estrenar,,,,248.0,,631.0,,2.0,Avenida,Local Comercial,,Tres Cruces,U$S,326400.0
,2021.0,,3.0,,Contrafrente,,A estrenar,,,,248.0,,522.0,,1.0,Avenida,Local Comercial,,Tres Cruces,U$S,278400.0
,2021.0,,2.0,,Contrafrente,,A estrenar,3.0,,,104.0,,186.0,,1.0,Avenida,Oficina,,Tres Cruces,U$S,152000.0
,2021.0,,3.0,,Contrafrente,,A estrenar,3.0,,,219.0,,455.0,,1.0,Avenida,Oficina,,Tres Cruces,U$S,240000.0
4.0,1959.0,,1.0,9,Contrafrente,1.0,Buen estado,,,,,,41.0,3.0,1.0,,Apartamento,,Pocitos,$,25000.0
2.0,2000.0,,2.0,10,Al frente,3.0,Buen estado,,,,20.0,,75.0,,1.0,,Apartamento,,Pocitos,$,39000.0
4.0,,,3.0,,Al frente,3.0,Excelente estado,,,,30.0,,190.0,2.0,1.0,Rambla,Apartamento,,Carrasco,U$S,116000.0
,,,3.0,,Al frente,,Excelente estado,,,,40.0,,170.0,,1.0,,Oficina,,Ciudad Vieja,$,111111.0
,,,2.0,,Al frente,,Buen estado,1.0,,,6.0,,130.0,,1.0,,Oficina,,Centro,U$S,44000.0
8.0,2018.0,,1.0,3,Lateral,1.0,Excelente estado,1.0,,,5.0,,40.0,2.0,1.0,,Apartamento,Si,Palermo,$,24500.0
,2000.0,,3.0,,Al frente,4.0,Excelente estado,2.0,,,75.0,120.0,180.0,,3.0,,Casa,,Puerto Buceo,$,94000.0
4.0,2017.0,,1.0,14,Al frente,1.0,Excelente estado,1.0,,,2.0,,41.0,9.0,1.0,,Apartamento,,Pocitos,$,38000.0
5.0,1994.0,,3.0,11,Al frente,4.0,Excelente estado,,,,5.0,,110.0,5.0,1.0,,Apartamento,,Pocitos,$,60000.0
,2023.0,,2.0,,Al frente,,Buen estado,3.0,,,,223.0,199.0,,1.0,,Local Comercial,,Carrasco,U$S,232000.0
,,,1.0,,No aplica,,Sin Definir,,,,,,,,1.0,,Negocio Especial,,Ciudad Vieja,$,165000.0
6.0,,,3.0,4,Al frente,3.0,A estrenar,2.0,,,65.0,,195.0,2.0,1.0,,Apartamento,,Parque Miramar,U$S,104000.0
,2023.0,,1.0,,Al frente,2.0,A estrenar,,,,4.0,,40.0,,1.0,,Apartamento,,Cerro,$,18500.0
,,,3.0,,Al frente,,Buen estado,,,,,25.0,20.0,,,,Oficina,,Parque Rodó,$,18000.0
,,,1.0,,Al frente,1.0,Buen estado,,,,,,40.0,,,,Apartamento,,La Blanqueada,$,26000.0
3.0,1995.0,,1.0,10,Al frente,1.0,Buen estado,,,,4.0,,40.0,5.0,1.0,Avenida,Apartamento,,Pocitos,$,27000.0
,2023.0,,2.0,,Al frente,3.0,A estrenar,1.0,,,,185.0,117.0,,2.0,,Casa,,Carrasco Norte,U$S,94000.0
4.0,2023.0,,1.0,2,Al frente,,A estrenar,,,,29.0,,41.0,1.0,2.0,,Apartamento,Si,Aguada,$,23000.0
,,,1.0,,Al frente,1.0,A estrenar,,,,,,60.0,,1.0,,Apartamento,,Aguada,$,21500.0
,2020.0,,2.0,,Al frente,,Buen estado,2.0,,,,,240.0,,1.0,,Oficina,,Palermo,U$S,240000.0
5.0,1982.0,,2.0,10,Al frente,3.0,Excelente estado,1.0,,,10.0,,73.0,3.0,1.0,Avenida,Apartamento,,Punta Carretas,N/A,
2.0,2011.0,,3.0,,Al frente,2.0,Excelente estado,1.0,,,80.0,,80.0,1.0,1.0,,Apartamento,,Pocitos,$,48000.0
2.0,2011.0,,3.0,,Al frente,2.0,Excelente estado,1.0,,,80.0,,80.0,1.0,1.0,,Apartamento,,Pocitos,U$S,72000.0
2.0,2000.0,,1.0,6,Al frente,2.0,Excelente estado,1.0,,,30.0,90.0,60.0,6.0,1.0,,Apartamento,,Malvín,U$S,100000.0
2.0,2022.0,,2.0,11,Al frente,3.0,Excelente estado,1.0,,,30.0,110.0,70.0,10.0,1.0,,Apartamento,,Centro,U$S,56000.0
4.0,2024.0,,2.0,3,Lateral,2.0,A estrenar,2.0,,,15.0,80.0,70.0,2.0,1.0,,Apartamento,,Carrasco,U$S,1760000.0
,1955.0,,1.0,,Al frente,1.0,Excelente estado,,,,,30.0,55.0,,1.0,,Casa,,Sayago,$,45000.0
,1922.0,,2.0,,Al frente,,Buen estado,,,,,251.0,251.0,,1.0,,Local Comercial,,Centro,$,19800.0
2.0,2010.0,,3.0,,Al frente,3.0,Buen estado,2.0,,,12.0,,120.0,1.0,,,Apartamento,,Barra de Carrasco,$,58000.0
,,,2.0,,No aplica,3.0,Excelente estado,,,,,,70.0,,,,Apartamento,,Centro,U$S,88000.0
,,,1.0,,,1.0,A estrenar,,,,,,45.0,,,,Apartamento,,Tres Cruces,$,42000.0
,2021.0,,1.0,4,Al frente,1.0,Excelente estado,1.0,,,12.0,,69.0,3.0,1.0,,Apartamento,,Parque Miramar,$,24500.0
1.0,1961.0,,3.0,9,Al frente,4.0,Excelente estado,1.0,,,18.0,,171.0,2.0,1.0,Avenida,Apartamento,,Pocitos,U$S,44000.0
,2024.0,,1.0,,Al frente,1.0,A estrenar,,,,,60.0,,9.0,1.0,,Apartamento,,Pocitos,U$S,79600.0
,1994.0,,3.0,,Al frente,3.0,Excelente estado,1.0,,,,,120.0,,,,Apartamento,,Pocitos,U$S,40000.0
,1970.0,,3.0,,Al frente,4.0,Buen estado,4.0,,,,352.0,277.0,,1.0,,Casa,,Carrasco,U$S,56000.0
,,,1.0,,,1.0,A estrenar,1.0,,,,,,,1.0,,Apartamento,,Parque de Carrasco,$,100000.0
,1969.0,,1.0,,No aplica,,Buen estado,,,,,,100.0,,,,Local Comercial,,Centro,U$S,50000.0
,1961.0,,2.0,,Al frente,,Excelente estado,,,,6.0,,170.0,,1.0,,Oficina,,Pocitos,$,45000.0
,,,1.0,,,1.0,A estrenar,1.0,,,,53.0,,,1.0,,Apartamento,,Pocitos,$,67000.0
,2023.0,,1.0,,Lateral,1.0,A estrenar,1.0,,,4.0,,54.0,,1.0,,Apartamento,,Pocitos,U$S,40000.0
,,,2.0,,No aplica,2.0,Buen estado,1.0,,,,,,2.0,,,Apartamento,,Península,U$S,43600.0
,2021.0,,3.0,,Interior,3.0,Excelente estado,2.0,,,15.0,220.0,150.0,,2.0,,Casa,,Carrasco Barrios con Seguridad,$,36000.0
,2020.0,,2.0,4,Contrafrente,2.0,Excelente estado,1.0,,,64.0,,83.0,,1.0,,Apartamento,,Parque Miramar,U$S,88000.0
,2018.0,,1.0,,Contrafrente,1.0,A estrenar,1.0,,,10.0,,50.0,,1.0,Avenida,Apartamento,,Parque Miramar,U$S,71600.0
,1974.0,,1.0,,,1.0,Buen estado,,,,,45.0,40.0,,1.0,,Apartamento,,La Blanqueada,U$S,50000.0
,,,2.0,,No aplica,,Sin Definir,,,,,,,,1.0,,Local industrial o galpón,,Pocitos,$,17500.0
,2016.0,,1.0,,Al frente,1.0,Excelente estado,1.0,,,,68.0,68.0,,1.0,,Apartamento,,Punta Carretas,U$S,340000.0
,2020.0,,1.0,,Contrafrente,1.0,Excelente estado,,,,,,49.0,,1.0,,Apartamento,,Pocitos Nuevo,U$S,52000.0
2.0,2014.0,,2.0,10,Al frente,2.0,Excelente estado,1.0,,,20.0,,90.0,10.0,1.0,,Apartamento,,Punta Carretas,U$S,28000.0
,,,1.0,,Interior,1.0,Buen estado,,,,,100.0,40.0,,,,Apartamento,,La Teja,U$S,80000.0
1.0,2000.0,,3.0,10,Al frente,4.0,Excelente estado,1.0,,,10.0,,128.0,3.0,1.0,,Apartamento,Si,Punta Carretas,$,12500.0
2.0,1970.0,,2.0,10,Al frente,3.0,Excelente estado,1.0,,,5.0,,80.0,7.0,1.0,,Apartamento,,Pocitos,U$S,80000.0
2.0,2015.0,,1.0,10,Al frente,1.0,Excelente estado,,,,3.0,,42.0,4.0,1.0,Rambla,Apartamento,,Punta Carretas,$,43000.0
,,,1.0,,Al frente,2.0,A estrenar,,,,,,64.0,,,,Apartamento,,Cordón,$,39000.0
,,,2.0,,Al frente,,A estrenar,,,,,,87.0,,3.0,,Local Comercial,,Pocitos,U$S,52000.0
,,,1.0,,Contrafrente,,A estrenar,1.0,,,,,29.0,,,,Apartamento,,Pocitos,U$S,88000.0
,1941.0,,2.0,,Al frente,4.0,Buen estado,,,,,,150.0,,2.0,,Casa,,Punta Carretas,$,26000.0
,,,1.0,,Al frente,1.0,A estrenar,1.0,,,,,50.0,,,,Apartamento,,Punta Carretas,$,68000.0
,2021.0,,3.0,,No aplica,,Buen estado,,,,,4.0,616.0,,1.0,,Local industrial o galpón,,Villa García Manga Rural,$,35000.0
,1925.0,,3.0,,No aplica,,Buen estado,,,,,,2.0,,2.0,,Local industrial o galpón,,Maroñas,U$S,480000.0
,1965.0,,1.0,,Al frente,,Buen estado,,,,,179.0,179.0,,,,Local Comercial,,Maroñas,U$S,192000.0
2.0,2022.0,,1.0,10,Al frente,1.0,Excelente estado,1.0,,,27.0,,30.0,10.0,1.0,,Apartamento,,Punta Carretas,$,39000.0
,2015.0,,1.0,,Al frente,1.0,Excelente estado,1.0,,,,57.0,,,1.0,,Apartamento,,Malvín,$,39000.0
2.0,2022.0,,1.0,10,Al frente,1.0,Excelente estado,1.0,,,27.0,,31.0,10.0,1.0,,Apartamento,,Pocitos,U$S,53960.0
2.0,,,3.0,10,Al frente,4.0,Buen estado,1.0,,,3.0,,140.0,8.0,1.0,Rambla,Apartamento,,Pocitos,$,39000.0
4.0,2019.0,,2.0,6,Contrafrente,2.0,Excelente estado,1.0,,,13.0,,88.0,5.0,1.0,,Apartamento,,Puerto Buceo,U$S,66000.0
,1959.0,,3.0,,Al frente,3.0,Buen estado,1.0,,,,130.0,,2.0,1.0,,Apartamento,,Pocitos,U$S,76000.0
2.0,2000.0,,3.0,2,Al frente,3.0,Excelente estado,3.0,,,32.0,,161.0,1.0,1.0,,Apartamento,,Carrasco,$,55000.0
4.0,2018.0,,1.0,6,Al frente,1.0,Excelente estado,1.0,,,15.0,,58.0,3.0,1.0,,Apartamento,,Puerto Buceo,U$S,120000.0
4.0,1969.0,,3.0,,Contrafrente,3.0,Buen estado,1.0,,,6.0,,80.0,3.0,,,Apartamento,,Pocitos,U$S,56000.0
,1960.0,,3.0,,Al frente,5.0,Excelente estado,2.0,,,10.0,480.0,300.0,,2.0,Avenida,Casa,,Punta Carretas,$,48000.0
1.0,,,3.0,5,Al frente,4.0,Excelente estado,1.0,,,,,180.0,1.0,1.0,,Apartamento,,Pocitos,U$S,132000.0
,2023.0,,1.0,10,Al frente,2.0,A estrenar,1.0,,,3.0,,78.0,10.0,1.0,,Apartamento,,Cordón,U$S,88000.0
1.0,2000.0,,3.0,,Al frente,3.0,Excelente estado,2.0,,,18.0,,218.0,,1.0,,Apartamento,,Punta Carretas,$,37000.0
,2021.0,,2.0,,Al frente,2.0,Buen estado,1.0,,,,76.0,76.0,3.0,1.0,,Apartamento,,Pocitos,U$S,132000.0
8.0,1997.0,,3.0,,Al frente,4.0,Buen estado,2.0,,,,149.0,138.0,1.0,1.0,,Apartamento,,Carrasco,U$S,52000.0
2.0,1961.0,,3.0,,Al frente,4.0,Buen estado,1.0,,,,270.0,222.0,3.0,1.0,,Apartamento,,Punta Carretas,U$S,100000.0
4.0,2023.0,,1.0,13,Al frente,1.0,A estrenar,1.0,,,5.0,,57.0,10.0,1.0,,Apartamento,,Punta Carretas,U$S,116000.0
8.0,2023.0,,1.0,,Contrafrente,,A estrenar,,,,,,44.0,3.0,1.0,,Apartamento,,Pocitos Nuevo,U$S,54000.0
,,,1.0,,No aplica,,Buen estado,,,,,400.0,400.0,,1.0,,Local Comercial,,Buceo,$,24000.0
4.0,2020.0,,1.0,17,Al frente,1.0,A estrenar,,,,8.0,,60.0,7.0,1.0,,Apartamento,Si,Malvín,U$S,180000.0
4.0,,,1.0,,No aplica,2.0,Buen estado,,,,,38.0,38.0,1.0,,,Apartamento,,Peñarol Lavalleja,$,29500.0
,2000.0,,3.0,,Al frente,,Excelente estado,1.0,,,,,250.0,,2.0,Avenida,Local Comercial,,Tres Cruces,$,16000.0
,2000.0,,3.0,,Al frente,,Excelente estado,1.0,,,,,250.0,,2.0,Avenida,Local Comercial,,Tres Cruces,$,75000.0
5.0,2015.0,,1.0,11,Al frente,2.0,Excelente estado,,,,4.0,,56.0,7.0,1.0,,Apartamento,,Malvín,$,75000.0
,1949.0,,1.0,,Al frente,3.0,Excelente estado,,,,7.0,77.0,77.0,,1.0,,Casa,,Jacinto Vera,$,29000.0
1.0,1949.0,,1.0,1,Al frente,3.0,Excelente estado,,,,7.0,,77.0,1.0,1.0,,Apartamento,,Jacinto Vera,$,34700.0
6.0,1988.0,,1.0,6,Interior,2.0,Buen estado,,,,,,56.0,1.0,1.0,,Apartamento,,Centro,$,34700.0
20.0,2000.0,,1.0,1,Al frente,2.0,Excelente estado,1.0,,,20.0,,50.0,,1.0,,Apartamento,,Lezica,$,22000.0
,,,3.0,,Al frente,4.0,Excelente estado,1.0,,,5.0,,125.0,,1.0,Rambla,Apartamento,,Malvín,$,16500.0
,,,2.0,,No aplica,3.0,Buen estado,2.0,,,,300.0,118.0,,1.0,,Casa,,Prado,U$S,88000.0
,,,3.0,,No aplica,,Buen estado,,,,,620.0,559.0,,1.0,,Oficina,,Cordón,$,80000.0
,,,3.0,,Al frente,3.0,Excelente estado,2.0,,,,186.0,131.0,3.0,1.0,,Apartamento,,Barra de Carrasco,$,200000.0
,,,3.0,,Al frente,3.0,Buen estado,2.0,,,,135.0,119.0,5.0,1.0,,Apartamento,,Ciudad de la Costa,U$S,148000.0
,,,2.0,,Al frente,3.0,Buen estado,1.0,,,,105.0,105.0,1.0,1.0,,Apartamento,,Barra de Carrasco,U$S,104000.0
,1990.0,,3.0,,Al frente,5.0,Buen estado,,,,,599.0,312.0,,2.0,Avenida,Casa,,Solymar,U$S,72000.0
7.0,,,1.0,,Al frente,1.0,A estrenar,,,,,55.0,46.0,5.0,1.0,,Apartamento,,Parque Rodó,$,70000.0
,,,1.0,,Al frente,2.0,Excelente estado,1.0,,,,89.0,53.0,,1.0,,Casa,,Prado,$,28000.0
,2002.0,,3.0,,No aplica,,Buen estado,,,,,242.0,242.0,,1.0,,Local Comercial,,Parque Batlle,$,26500.0
,2007.0,,1.0,,No aplica,,Buen estado,,,,,351.0,351.0,,1.0,,Local industrial o galpón,,Malvín Norte,$,125000.0
6.0,,,1.0,13,Contrafrente,1.0,Excelente estado,1.0,,,,,40.0,10.0,1.0,Avenida,Apartamento,,Centro,$,70000.0
2.0,1970.0,,1.0,10,Al frente,1.0,Excelente estado,,,,,,50.0,3.0,1.0,Avenida,Apartamento,,Centro,$,22000.0
,1960.0,,2.0,,Al frente,3.0,Buen estado,,,,10.0,100.0,90.0,,1.0,,Casa,,Prado,$,20000.0
,2024.0,,1.0,,Al frente,1.0,A estrenar,,,,6.0,,45.0,3.0,1.0,,Apartamento,,Cordón,$,35000.0
,2017.0,,3.0,,No aplica,4.0,Excelente estado,,,,,680.0,230.0,,1.0,,Casa,,Carrasco,$,29000.0
,2006.0,,3.0,,No aplica,4.0,Excelente estado,,,,,507.0,230.0,,1.0,,Casa,,Parque Miramar,U$S,156000.0
9.0,2024.0,,1.0,4,Al frente,1.0,A estrenar,1.0,,,5.0,,45.0,1.0,1.0,Avenida,Apartamento,Si,Punta Gorda,U$S,132000.0
,1998.0,,1.0,,Lateral,1.0,Excelente estado,1.0,,,30.0,,70.0,,1.0,,Apartamento,,La Blanqueada,$,29000.0
,1947.0,,1.0,,Al frente,1.0,Excelente estado,,,,,,42.0,,1.0,,Apartamento,,La Blanqueada,$,24000.0
,2015.0,,1.0,,Al frente,,Excelente estado,,,,,,120.0,,2.0,Avenida,Local Comercial,,Unión,$,20000.0
,2013.0,,3.0,,No aplica,,Excelente estado,,,,,800.0,800.0,,3.0,,Local Comercial,,Centro,$,75000.0
3.0,2018.0,,1.0,4,Lateral,1.0,Excelente estado,1.0,,,,,43.0,4.0,1.0,,Apartamento,Si,Atahualpa,$,260000.0
,2024.0,,1.0,,Al frente,2.0,A estrenar,1.0,,,,54.0,,3.0,1.0,,Apartamento,,Punta Gorda,$,24800.0
5.0,2024.0,,1.0,5,Al frente,,A estrenar,1.0,,,4.0,,40.0,1.0,1.0,,Apartamento,,Puerto Buceo,$,42000.0
,2023.0,,1.0,,Al frente,1.0,A estrenar,,,,,48.0,,1.0,1.0,,Apartamento,,Punta Gorda,$,28000.0
,1945.0,,5.0,,No aplica,6.0,Buen estado,2.0,,,,379.0,431.0,,,,Casa,,Pocitos,$,29000.0
,,,3.0,,No aplica,3.0,Buen estado,1.0,,,,450.0,165.0,,,,Casa,,Carrasco,U$S,220000.0
,,,1.0,,No aplica,,Buen estado,,,,,38.0,34.0,,,,Apartamento,,Pocitos,$,100000.0
4.0,2020.0,,1.0,10,Al frente,1.0,Excelente estado,,,,5.0,,44.0,4.0,1.0,,Apartamento,,Centro,$,18900.0
,,,1.0,,No aplica,1.0,Buen estado,,,,,50.0,50.0,1.0,,,Apartamento,,Palermo,$,20500.0
,,,3.0,,No aplica,4.0,Buen estado,,,,,193.0,185.0,,,,Casa,,Carrasco,U$S,36000.0
2.0,1995.0,,2.0,,Al frente,2.0,Buen estado,,,,7.0,,63.0,8.0,,,Apartamento,,Pocitos,U$S,118000.0
10.0,2021.0,,1.0,5,Contrafrente,,Excelente estado,1.0,,,14.0,,29.0,2.0,1.0,,Apartamento,,Pocitos,$,40000.0
,2023.0,,3.0,,No aplica,3.0,Buen estado,2.0,,,,380.0,182.0,,2.0,,Casa,,Carrasco,$,20000.0
3.0,,,2.0,,Al frente,2.0,Buen estado,1.0,,,13.0,,68.0,6.0,,,Apartamento,,Malvín,U$S,94000.0
1.0,,,1.0,,Al frente,1.0,Buen estado,,,,,,40.0,1.0,,,Apartamento,,Pocitos,$,51000.0
3.0,2024.0,,1.0,,Al frente,1.0,A estrenar,,,,2.0,,38.0,2.0,,,Apartamento,,Cordón,$,24000.0
4.0,2000.0,,1.0,,Al frente,1.0,Buen estado,,,,6.0,,44.0,1.0,,,Apartamento,,Prado,$,24500.0
3.0,2024.0,,1.0,,Al frente,,A estrenar,,,,4.0,,35.0,1.0,,,Apartamento,,Malvín,$,28700.0
7.0,2024.0,,1.0,,Al frente,1.0,A estrenar,1.0,,,5.0,,45.0,9.0,,,Apartamento,,Punta Carretas,$,24500.0
2.0,2008.0,,4.0,,No aplica,3.0,Buen estado,1.0,,,15.0,167.0,167.0,4.0,26.0,,Apartamento,Si,Playa Mansa,$,35000.0
,,,3.0,,No aplica,3.0,Buen estado,1.0,,,,,,19.0,17.0,,Apartamento,,Playa Brava,U$S,196000.0
,,,1.0,,No aplica,1.0,Buen estado,,,,,,,2.0,,,Apartamento,,Playa Brava,U$S,88000.0
,,,2.0,,No aplica,3.0,Buen estado,,,,,2.0,197.0,,,,Casa,,Cantegril,U$S,36000.0
,,,1.0,,No aplica,1.0,Buen estado,1.0,,,,,,1.0,,,Apartamento,,San Rafael,U$S,88000.0
,2021.0,,2.0,,No aplica,2.0,Buen estado,1.0,,,,94.0,94.0,18.0,23.0,,Apartamento,,Playa Mansa,U$S,28000.0
3.0,2016.0,,1.0,10,Al frente,2.0,Excelente estado,1.0,,,4.0,,68.0,9.0,1.0,,Apartamento,,Cordón,$,2500.0
,,,1.0,,No aplica,2.0,Buen estado,1.0,,,,140.0,,,2.0,,Casa,,Montevideo,$,36000.0
,,,2.0,,No aplica,3.0,Buen estado,,,,,,,,,,Casa,,Villa Española,$,40000.0
,2021.0,,2.0,,No aplica,2.0,Buen estado,,,,,95.0,95.0,18.0,23.0,,Apartamento,,Playa Mansa,$,52000.0
,2000.0,,1.0,10,Lateral,,Excelente estado,,,,,,23.0,,1.0,,Apartamento,,Parque Rodó,U$S,100000.0
10.0,2016.0,,1.0,10,Contrafrente,2.0,Buen estado,1.0,,,2.0,,69.0,5.0,1.0,,Apartamento,,Tres Cruces,$,14500.0
10.0,2023.0,,1.0,27,Contrafrente,1.0,A estrenar,1.0,,,5.0,,43.0,10.0,1.0,,Apartamento,,Buceo,$,27000.0
8.0,2023.0,,1.0,17,Lateral,2.0,A estrenar,,,,4.0,,51.0,12.0,1.0,,Apartamento,,Malvín,$,35000.0
8.0,2021.0,,1.0,26,Al frente,2.0,Excelente estado,,,,5.0,,80.0,4.0,1.0,,Apartamento,,Centro,$,30000.0
4.0,2023.0,,1.0,10,Contrafrente,1.0,A estrenar,1.0,,,10.0,,61.0,2.0,1.0,,Apartamento,,Punta Carretas,N/A,
2.0,2024.0,,1.0,2,Interior,1.0,A estrenar,,,,4.0,,40.0,2.0,1.0,,Apartamento,,Prado,$,27000.0
3.0,2023.0,,1.0,11,Al frente,1.0,Excelente estado,1.0,,,8.0,,69.0,5.0,1.0,Avenida,Apartamento,,Punta Carretas,$,44900.0
6.0,2023.0,,1.0,10,Contrafrente,2.0,A estrenar,1.0,,,2.0,,50.0,8.0,1.0,,Apartamento,,Cordón,$,23900.0
,2003.0,,3.0,,Al frente,3.0,Buen estado,2.0,,,10.0,,200.0,,1.0,,Apartamento,,Punta Carretas,U$S,59600.0
,2000.0,,3.0,,Al frente,3.0,Buen estado,3.0,,,80.0,,310.0,,1.0,,Apartamento,,Pocitos,$,32000.0
,1975.0,,1.0,,Al frente,2.0,Buen estado,1.0,,,,100.0,65.0,,1.0,Avenida,Casa,,Buceo,U$S,132000.0
2.0,2021.0,,1.0,10,Al frente,1.0,Excelente estado,1.0,,,10.0,,65.0,5.0,1.0,Avenida,Apartamento,,Punta Carretas,U$S,168000.0
,,,1.0,,Al frente,1.0,Buen estado,2.0,,,40.0,,50.0,,1.0,,Apartamento,,Pocitos,$,38000.0
3.0,2011.0,,2.0,,Al frente,2.0,Excelente estado,1.0,,,9.0,,76.0,,1.0,Rambla,Apartamento,,Malvín,U$S,59600.0
,2023.0,,2.0,,Al frente,3.0,A estrenar,1.0,,,30.0,130.0,100.0,,2.0,,Casa,,Parque Miramar,$,42000.0
,,,1.0,,No aplica,2.0,Buen estado,,,,,63.0,75.0,,,,Casa,,Buceo,U$S,52000.0
3.0,1994.0,,1.0,,No aplica,1.0,Buen estado,,,,,43.0,43.0,4.0,,,Apartamento,,Villa Biarritz,U$S,56000.0
3.0,1980.0,,1.0,10,Al frente,,Excelente estado,,,,5.0,,42.0,1.0,1.0,,Apartamento,,Pocitos,$,38000.0
6.0,,,1.0,4,Contrafrente,,Excelente estado,,,,5.0,,43.0,3.0,1.0,,Apartamento,,Pocitos,$,26500.0
,2014.0,,1.0,,Al frente,,Buen estado,,,,,,30.0,,,,Apartamento,,Pocitos,$,22000.0
,,,1.0,,No aplica,1.0,Buen estado,1.0,,,,,38.0,,1.0,,Apartamento,,Malvín,$,22000.0
,,,1.0,,No aplica,1.0,Buen estado,1.0,,,,,40.0,,1.0,,Apartamento,,Pocitos,$,18500.0
,2023.0,,1.0,,No aplica,1.0,Buen estado,,,,,,35.0,,1.0,,Apartamento,,Aguada,$,36000.0
,1935.0,,3.0,,No aplica,5.0,Buen estado,1.0,,,,,262.0,,2.0,,Casa,,Punta Carretas,$,28000.0
,2023.0,,2.0,,No aplica,2.0,Buen estado,1.0,,,,,63.0,,1.0,,Apartamento,,Prado,$,23000.0
8.0,2022.0,,1.0,20,Lateral,1.0,A estrenar,1.0,,,5.0,,37.0,43.0,1.0,,Apartamento,,Malvín,U$S,220000.0
4.0,2022.0,,2.0,17,Al frente,2.0,Excelente estado,1.0,,,11.0,,102.0,3.0,1.0,,Apartamento,,Parque Miramar,$,29000.0
1.0,1998.0,,3.0,8,Al frente,3.0,Excelente estado,2.0,,,13.0,,220.0,4.0,1.0,Rambla,Apartamento,,Pocitos,$,27000.0
,2023.0,,3.0,,Al frente,3.0,A estrenar,2.0,,,,453.0,178.0,,1.0,,Casa,,Huertas de los Horneros,U$S,60000.0
,2015.0,,2.0,,Al frente,3.0,Buen estado,1.0,,,,800.0,160.0,,1.0,,Casa,,El Pinar,U$S,240000.0
2.0,2016.0,,2.0,18,Al frente,2.0,Buen estado,1.0,,,12.0,,107.0,4.0,1.0,Avenida,Apartamento,,Buceo,U$S,132000.0
,2012.0,,3.0,,Al frente,4.0,Excelente estado,2.0,,,,1.0,300.0,,2.0,,Casa,,Altos de La Tahona,$,70000.0
,,,1.0,,No aplica,2.0,Buen estado,,,,,,60.0,,,,Casa,,Unión,$,60000.0
,,,1.0,,No aplica,,Buen estado,,,,,,80.0,,,,Local Comercial,,Malvín,U$S,152000.0
,2023.0,,3.0,,Al frente,3.0,A estrenar,2.0,,,,360.0,160.0,,2.0,,Casa,,Huertas de los Horneros,$,23500.0
2.0,1982.0,,1.0,10,Al frente,2.0,Excelente estado,,,,2.0,,45.0,,1.0,,Apartamento,,Tres Cruces,U$S,118000.0
,2016.0,,1.0,,Al frente,,Excelente estado,1.0,,,6.0,,39.0,,1.0,Avenida,Oficina,,Cordón,U$S,88000.0
10.0,2019.0,,1.0,12,Contrafrente,1.0,Buen estado,,,,3.0,,40.0,,1.0,,Apartamento,,Tres Cruces,$,27500.0
6.0,2020.0,,1.0,18,No aplica,1.0,Excelente estado,,,,4.0,,36.0,2.0,1.0,,Apartamento,,Malvín,$,20500.0
3.0,2015.0,,1.0,4,Contrafrente,,Excelente estado,,,,3.0,,29.0,3.0,1.0,,Apartamento,,Buceo,$,21500.0
,2022.0,,2.0,,Al frente,3.0,Excelente estado,1.0,,,20.0,400.0,145.0,,2.0,,Casa,,Pinares,$,24000.0
,2020.0,,2.0,,No aplica,2.0,Buen estado,,,,,125.0,120.0,,,,Apartamento,,Puerto Buceo,U$S,32000.0
,2016.0,,2.0,,No aplica,,Buen estado,,,,,528.0,528.0,,,,Otro,,Colonia Nicolich,U$S,180000.0
,1973.0,,1.0,,Al frente,3.0,Buen estado,,,,,,70.0,,,,Apartamento,,Centro,U$S,76000.0
,1932.0,,3.0,,No aplica,5.0,Buen estado,1.0,,,,350.0,250.0,,2.0,,Casa,,Pocitos,$,195000.0
,1953.0,,2.0,,No aplica,2.0,Buen estado,1.0,,,,125.0,125.0,4.0,3.0,,Apartamento,,Pocitos,$,26000.0
,,,3.0,,No aplica,4.0,Buen estado,,,,,892.0,155.0,,,,Casa,,Pinares,$,150000.0
,,,2.0,,No aplica,3.0,Buen estado,1.0,,,,100.0,100.0,1.0,19.0,,Apartamento,,Península,U$S,68000.0
,,,1.0,,No aplica,1.0,Buen estado,,,,,,,4.0,,,Apartamento,,Península,U$S,90000.0
,,,3.0,,No aplica,3.0,Buen estado,,,,,450.0,220.0,,,,Casa,,Playa Mansa,U$S,56000.0
,,,3.0,,No aplica,3.0,Buen estado,1.0,,,,1.0,250.0,,,,Casa,,Playa Brava,N/A,
4.0,2017.0,,1.0,3,Al frente,,Buen estado,1.0,,,38.0,,38.0,2.0,1.0,,Apartamento,,Pocitos,U$S,32000.0
,,,1.0,,No aplica,1.0,Buen estado,,,,,50.0,50.0,3.0,,,Apartamento,,Prado Nueva Savona,U$S,128000.0
5.0,,,1.0,,No aplica,1.0,Buen estado,,,,,40.0,40.0,7.0,,,Apartamento,,Pocitos,U$S,120000.0
8.0,2023.0,,1.0,,No aplica,,Buen estado,1.0,,,,,,2.0,,,Apartamento,,Punta Gorda,$,25500.0
2.0,2000.0,,1.0,12,Al frente,1.0,Excelente estado,,,,,,75.0,7.0,1.0,Avenida,Apartamento,,Parque Rodó,$,28500.0
,2020.0,,1.0,,Al frente,,Buen estado,,,,,,,1.0,1.0,,Apartamento,,Pocitos,$,25000.0
7.0,2024.0,,1.0,,No aplica,1.0,Buen estado,1.0,,,4.0,,40.0,2.0,,,Apartamento,,Malvín,$,33000.0
,2014.0,,1.0,,Al frente,1.0,Excelente estado,1.0,,,,40.0,,6.0,1.0,,Apartamento,,Punta Carretas,$,28000.0
,,,1.0,,Al frente,2.0,A estrenar,1.0,,,,,,,8.0,,Apartamento,,Malvín,U$S,32000.0
4.0,2020.0,,1.0,10,Contrafrente,2.0,Excelente estado,1.0,,,3.0,,50.0,3.0,1.0,,Apartamento,,Cordón,U$S,48000.0
,,,3.0,,,,A estrenar,,,,,,375.0,,,,Oficina,,Centro,$,31000.0
,2007.0,,1.0,,No aplica,1.0,Buen estado,,,,,65.0,65.0,,,,Apartamento,,Prado Nueva Savona,$,32000.0
2.0,1989.0,,3.0,12,Al frente,3.0,Excelente estado,1.0,,,,,101.0,,1.0,,Apartamento,,Villa Biarritz,$,33000.0
,,,3.0,,,,A estrenar,8.0,,,,,946.0,,,,Oficina,,Palermo,U$S,270000.0
,,,3.0,,,,A estrenar,16.0,,,,,1.0,,,,Oficina,,Palermo,$,28000.0
2.0,2014.0,,2.0,10,Al frente,2.0,Excelente estado,,,,3.0,,95.0,7.0,1.0,,Apartamento,,Punta Carretas,$,55000.0
8.0,2022.0,,1.0,25,Lateral,,A estrenar,,,,,,34.0,5.0,1.0,Avenida,Apartamento,,Pocitos,U$S,1248720.0
1.0,11.0,,1.0,11,Al frente,2.0,Excelente estado,2.0,,,82.0,,114.0,11.0,2.0,Rambla,Apartamento,,Puerto Buceo,U$S,2497440.0
6.0,2021.0,,1.0,14,Al frente,1.0,Excelente estado,1.0,,,,,50.0,10.0,1.0,,Apartamento,,Malvín,U$S,80000.0
2.0,2019.0,,3.0,3,Contrafrente,3.0,Excelente estado,2.0,,,25.0,,146.0,,1.0,,Apartamento,,Carrasco,U$S,28000.0
2.0,,,1.0,10,Al frente,2.0,Buen estado,,,,5.0,,79.0,8.0,1.0,Avenida,Apartamento,,Prado,U$S,120000.0
,2014.0,,1.0,,No aplica,1.0,Excelente estado,,,,,60.0,60.0,,1.0,,Casa,,Pocitos,$,24000.0
2.0,,,2.0,10,Al frente,2.0,Excelente estado,1.0,,,,,91.0,4.0,3.0,,Apartamento,,Pocitos,U$S,92000.0
,2012.0,,3.0,,Al frente,3.0,Excelente estado,2.0,,,50.0,400.0,240.0,,2.0,,Casa,,Carrasco,$,25000.0
2.0,1982.0,,3.0,12,Al frente,3.0,Excelente estado,1.0,,,5.0,,95.0,5.0,1.0,,Apartamento,,Pocitos,$,39000.0
,,,3.0,,No aplica,4.0,Buen estado,,,,,1.0,274.0,,,,Casa,,San Rafael,U$S,60000.0
,2017.0,,1.0,,Contrafrente,,Buen estado,,,,,,,,1.0,,Apartamento,,Punta Carretas,U$S,176000.0
,1960.0,,1.0,5,Al frente,1.0,Buen estado,,,,10.0,,60.0,,1.0,,Apartamento,,Aguada,$,38000.0
6.0,,,3.0,,Contrafrente,3.0,A estrenar,2.0,,,,372.0,133.0,,1.0,,Apartamento,,Carrasco,U$S,128000.0
2.0,,,3.0,,No aplica,3.0,Buen estado,1.0,,,10.0,,,7.0,,,Apartamento,,Parque Batlle,$,19900.0
,,,1.0,,No aplica,,A reciclar,,,,,219.0,219.0,,1.0,,Local Comercial,,Cordón,$,20500.0
,,,3.0,,No aplica,5.0,Buen estado,1.0,,,,874.0,662.0,,2.0,,Casa,,Pocitos,U$S,116000.0
,,,,,No aplica,,Sin Definir,,,,,,,,1.0,,Local industrial o galpón,,Atlántida Norte,U$S,72000.0
,2012.0,,3.0,,Al frente,4.0,Excelente estado,3.0,,,30.0,2.0,400.0,,2.0,,Casa,,Parque Miramar,$,68000.0
,1990.0,,2.0,,Al frente,4.0,Excelente estado,,,,,1.0,256.0,,1.0,,Casa,,Carrasco,U$S,200000.0
,2020.0,,1.0,,No aplica,,Buen estado,,,,,,528.0,,1.0,,Local industrial o galpón,,Barros Blancos,$,70000.0
,2002.0,,2.0,,Al frente,,Excelente estado,,,,,,180.0,,1.0,,Oficina,,Pocitos Nuevo,U$S,240000.0
8.0,2017.0,,1.0,,Al frente,1.0,Excelente estado,,,,,40.0,35.0,6.0,1.0,,Apartamento,,Cordón,U$S,148000.0
,2020.0,,1.0,,Al frente,1.0,Excelente estado,,,,,60.0,,,1.0,,Apartamento,,Aguada,$,195000.0
,2023.0,,1.0,,Al frente,1.0,A estrenar,1.0,,,,70.0,,5.0,1.0,,Apartamento,,Punta Carretas,U$S,260000.0
,2023.0,,3.0,,Al frente,3.0,A estrenar,2.0,,,,240.0,138.0,,2.0,,Casa,,Carrasco Norte,$,24000.0
,2004.0,,1.0,,Al frente,1.0,Excelente estado,,,,,42.0,42.0,7.0,1.0,,Apartamento,,Pocitos,$,22400.0
,2023.0,,1.0,,Al frente,1.0,A estrenar,1.0,,,,71.0,,9.0,1.0,,Apartamento,,Punta Carretas,U$S,59600.0
,2023.0,,2.0,,Al frente,1.0,A estrenar,1.0,,,,91.0,,2.0,1.0,,Apartamento,,Punta Carretas,U$S,96000.0
,2021.0,,1.0,,Al frente,1.0,Excelente estado,1.0,,,,40.0,,9.0,1.0,,Apartamento,,Cordón,$,27000.0
2.0,,,2.0,10,Al frente,2.0,Buen estado,1.0,,,2.0,,85.0,1.0,1.0,Avenida,Apartamento,,Pocitos,$,46900.0
,,,2.0,,Al frente,2.0,Excelente estado,2.0,,,,,93.0,,1.0,,Apartamento,,Punta Carretas,$,42900.0
,,,1.0,,Contrafrente,1.0,Excelente estado,,,,4.0,,40.0,,1.0,,Apartamento,,Tres Cruces,$,25900.0
,,,1.0,,Al frente,3.0,Excelente estado,,,,,70.0,70.0,,1.0,,Casa,,Tres Cruces,$,35000.0
,2022.0,,1.0,,Al frente,1.0,A estrenar,1.0,,,,45.0,,10.0,1.0,,Apartamento,,Malvín,$,38500.0
,1985.0,,3.0,,Al frente,4.0,Buen estado,1.0,,,,10.0,,5.0,1.0,,Apartamento,,Pocitos,$,23500.0
2.0,1950.0,,2.0,4,Lateral,3.0,Excelente estado,1.0,,,11.0,,121.0,3.0,3.0,,Apartamento,,Villa Biarritz,$,32000.0
,1950.0,,1.0,,Al frente,2.0,Buen estado,1.0,,,,120.0,80.0,,1.0,,Casa,,Las Acacias,$,43000.0
,2020.0,,1.0,,Al frente,3.0,Excelente estado,,,,,75.0,,7.0,1.0,,Apartamento,,Cordón,$,60000.0
,,,1.0,,Al frente,1.0,A estrenar,1.0,,,,,,,1.0,,Apartamento,,Pocitos,U$S,80000.0
2.0,1955.0,,1.0,1,Interior,1.0,Reciclada,,,,,,30.0,,1.0,,Apartamento,,Pocitos,$,19000.0
,,,2.0,,Al frente,2.0,A estrenar,1.0,,,,,92.0,,,,Apartamento,,Parque Miramar,$,35000.0
3.0,2022.0,,1.0,11,Al frente,1.0,Excelente estado,1.0,,,4.0,,48.0,5.0,1.0,,Apartamento,,Ciudad Vieja,N/A,
2.0,2022.0,,1.0,11,Al frente,1.0,Excelente estado,1.0,,,788.0,,4.0,5.0,1.0,,Apartamento,,Ciudad Vieja,$,40000.0
4.0,2017.0,,2.0,11,Al frente,4.0,Excelente estado,1.0,,,2.0,,10.0,2.0,1.0,,Apartamento,,Ciudad Vieja,$,20500.0
4.0,2017.0,,2.0,11,Al frente,4.0,Excelente estado,1.0,,,3.0,,107.0,1.0,1.0,,Apartamento,,Ciudad Vieja,U$S,64000.0
4.0,2018.0,,1.0,11,Lateral,1.0,Excelente estado,1.0,,,510.0,,4.0,3.0,1.0,,Apartamento,,Ciudad Vieja,$,30000.0
,2013.0,,2.0,,Al frente,,Excelente estado,2.0,,,6.0,,76.0,,1.0,Avenida,Oficina,,Cordón,$,35000.0
,,,3.0,,No aplica,,Buen estado,,,,,116.0,116.0,,,,Local Comercial,,Cordón,$,54000.0
3.0,2023.0,,1.0,10,Contrafrente,1.0,A estrenar,,,,,,25.0,8.0,1.0,,Apartamento,,Pocitos,$,55000.0
,,,3.0,,Al frente,4.0,A estrenar,1.0,,,,,189.0,,1.0,,Apartamento,,Playa Mansa,$,28500.0
,,,1.0,,No aplica,,Sin Definir,,,,,,,,1.0,,Garaje o Cochera,,Pocitos,$,50000.0
,1960.0,,1.0,,No aplica,1.0,Buen estado,,,,,,40.0,,,,Casa,,La Comercial,$,55000.0
3.0,2023.0,,1.0,10,Al frente,1.0,A estrenar,,,,40.0,,65.0,1.0,1.0,,Apartamento,Si,Cordón,$,27000.0
,,,1.0,,Al frente,,Buen estado,,,,,250.0,50.0,,,,Local Comercial,,Tres Cruces,U$S,720000.0
,1900.0,,3.0,,Al frente,5.0,Excelente estado,,,,,210.0,400.0,,2.0,,Casa,,Centro,$,5500.0
2.0,1978.0,,1.0,3,Al frente,2.0,Buen estado,,,,,,53.0,1.0,1.0,Avenida,Apartamento,,Sayago,$,20000.0
,1963.0,,3.0,,Al frente,,Buen estado,,,,,,100.0,,2.0,,Oficina,,Ciudad Vieja,$,32000.0
,,,3.0,,Al frente,4.0,Buen estado,2.0,,,92.0,,152.0,,,,Apartamento,,Punta Gorda,$,18000.0
,1979.0,,3.0,,No aplica,,Buen estado,5.0,,,,,1.0,,2.0,,Local industrial o galpón,,Villa Muñoz,$,120000.0
,1970.0,,1.0,,Al frente,2.0,Buen estado,,,,,10.0,,3.0,3.0,,Apartamento,,Punta Carretas,$,14000.0
,1960.0,,2.0,,Al frente,2.0,Buen estado,,,,,80.0,80.0,,2.0,Avenida,Casa,,Punta del Este,$,55000.0
2.0,1979.0,,2.0,12,Al frente,2.0,Excelente estado,1.0,,,5.0,,74.0,8.0,1.0,,Apartamento,,Pocitos,U$S,152000.0
,,,2.0,,No aplica,2.0,Buen estado,2.0,,,,216.0,58.0,,,,Casa,,Maldonado,U$S,220000.0
,,,2.0,,No aplica,2.0,Buen estado,1.0,,,,50.0,50.0,10.0,,,Apartamento,,Roosevelt,U$S,48000.0
6.0,2024.0,,1.0,17,Al frente,1.0,A estrenar,,,,5.0,,47.0,2.0,1.0,Avenida,Apartamento,,Buceo,U$S,28000.0
,,,2.0,,No aplica,3.0,Buen estado,,,,,700.0,,,,,Casa,,Cantegril,$,37000.0
,,,2.0,,Al frente,3.0,Buen estado,1.0,,,,,80.0,,,,Apartamento,,Pocitos,U$S,60000.0
2.0,1968.0,,1.0,,Al frente,1.0,Buen estado,,,,,54.0,54.0,2.0,1.0,,Apartamento,,Punta Carretas,U$S,64000.0
1.0,1933.0,,1.0,,Al frente,1.0,Buen estado,,,,,45.0,45.0,1.0,1.0,,Apartamento,,Pocitos,$,29000.0
,2023.0,,1.0,,Al frente,1.0,A estrenar,,,,,53.0,,7.0,1.0,,Apartamento,,Tres Cruces,U$S,64000.0
4.0,2023.0,,1.0,,Al frente,1.0,Buen estado,1.0,,,,70.0,53.0,11.0,1.0,,Apartamento,,Punta Carretas,$,45000.0
4.0,2023.0,,1.0,,Al frente,1.0,Buen estado,1.0,,,,71.0,57.0,11.0,1.0,,Apartamento,,Punta Carretas,$,30000.0
9.0,2020.0,,2.0,,Al frente,2.0,Excelente estado,2.0,,,,94.0,75.0,1.0,1.0,,Apartamento,,Carrasco,$,39000.0
,2015.0,,1.0,,Al frente,,Buen estado,,,,,38.0,,6.0,1.0,,Apartamento,,Punta Carretas,$,25000.0
,2018.0,,1.0,,Al frente,1.0,Buen estado,1.0,,,,61.0,,1.0,1.0,,Apartamento,,Malvín,U$S,59600.0
5.0,2014.0,,3.0,,Al frente,4.0,Buen estado,2.0,,,,161.0,140.0,2.0,1.0,,Apartamento,,Carrasco,U$S,59600.0
4.0,2010.0,,3.0,,Al frente,3.0,Buen estado,2.0,,,,143.0,140.0,1.0,1.0,,Apartamento,,Carrasco,U$S,56000.0
,2023.0,,2.0,,Al frente,2.0,A estrenar,,,,,91.0,,2.0,1.0,,Apartamento,,Carrasco Norte,$,19500.0
,2023.0,,1.0,,Al frente,1.0,A estrenar,,,,,65.0,,2.0,1.0,,Apartamento,,Carrasco Norte,$,32000.0
,2023.0,,1.0,,Al frente,1.0,A estrenar,,,,,65.0,,1.0,1.0,,Apartamento,,Carrasco Norte,U$S,112000.0
,,,1.0,,Al frente,,Buen estado,,,,,16.0,16.0,,1.0,,Oficina,,Ciudad Vieja,U$S,112000.0
,2015.0,,1.0,,No aplica,,Excelente estado,,,,,42.0,,6.0,1.0,,Apartamento,,Punta Carretas,$,44000.0
,,,2.0,,Al frente,,Buen estado,,,,,117.0,117.0,,2.0,,Oficina,,Carrasco,$,35000.0
,2010.0,,3.0,,Al frente,4.0,Buen estado,5.0,,,,1.0,193.0,,2.0,,Casa,,Ciudad de la Costa,$,35000.0
,,,2.0,,Al frente,3.0,Reciclada,1.0,,,,70.0,120.0,,2.0,,Casa,,Punta Carretas,U$S,27200.0
5.0,,,1.0,,Contrafrente,,Buen estado,,,,,,,2.0,,,Apartamento,,Pocitos,$,25500.0
,,,1.0,,No aplica,,Buen estado,,,,,,,,,,Apartamento,,Cordón,U$S,88000.0
8.0,,,1.0,,Contrafrente,1.0,Buen estado,,,,,,,2.0,,,Apartamento,,Cordón,U$S,140000.0
,,,1.0,,Al frente,,Buen estado,,,,,,,,,,Local Comercial,,Pocitos,$,57000.0
,,,1.0,,No aplica,3.0,Buen estado,,,,,940.0,120.0,,,,Casa,,Las Toscas,$,17000.0
4.0,,,1.0,,Contrafrente,1.0,Buen estado,,,,,,,6.0,,,Apartamento,,Cordón,$,19500.0
,,,1.0,,Al frente,,Buen estado,,,,,,,,,,Local Comercial,,Parque Batlle,$,23000.0
,2016.0,,1.0,,Al frente,,Excelente estado,,,,,26.0,,,,,Apartamento,,Pocitos,$,14500.0
,,,2.0,,No aplica,3.0,Buen estado,,,,120.0,120.0,120.0,,1.0,Avenida,Casa,,Unión,$,30000.0
,,,1.0,,No aplica,,Buen estado,,,,,,,,,,Local industrial o galpón,,Maldonado,$,23500.0
6.0,2016.0,,1.0,2,Contrafrente,1.0,Excelente estado,,,,5.0,,45.0,2.0,1.0,Avenida,Apartamento,Si,Brazo Oriental,$,21500.0
4.0,2023.0,,1.0,,Al frente,1.0,Buen estado,,,,,,36.0,1.0,,,Apartamento,,Palermo,$,19500.0
4.0,1980.0,,1.0,,Al frente,2.0,Buen estado,,,,,,,4.0,,,Apartamento,,Montevideo,$,28500.0
2.0,2000.0,,1.0,10,Al frente,1.0,Buen estado,,,,20.0,,60.0,2.0,1.0,,Apartamento,,Cordón,$,18000.0
2.0,1995.0,,2.0,10,Al frente,3.0,Excelente estado,1.0,,,8.0,,90.0,9.0,1.0,,Apartamento,,Pocitos,$,20000.0
,1999.0,,1.0,,Al frente,3.0,Excelente estado,1.0,,,140.0,20.0,140.0,,1.0,Avenida,Casa,,Shangrilá,U$S,40000.0
,,,1.0,,Al frente,1.0,Buen estado,,,,,,40.0,9.0,,,Apartamento,,Pocitos,$,32000.0
,,,2.0,,Al frente,3.0,Buen estado,1.0,,,,200.0,160.0,,2.0,Avenida,Casa,,Punta Gorda,$,22000.0
,1932.0,,3.0,,No aplica,5.0,Buen estado,1.0,,,,259.0,250.0,,3.0,,Casa,,Pocitos,$,46000.0
,,,3.0,12,Al frente,2.0,Excelente estado,1.0,,,,,120.0,,1.0,Rambla,Apartamento,,Pocitos,$,36000.0
,2022.0,,1.0,12,Al frente,,Excelente estado,1.0,,,9.0,,87.0,,1.0,,Apartamento,,Punta Carretas,U$S,48000.0
,2023.0,,2.0,,Al frente,2.0,A estrenar,1.0,,,4.0,,78.0,,1.0,,Apartamento,,Carrasco,U$S,108000.0
,,,3.0,,Al frente,2.0,A estrenar,2.0,,,10.0,1.0,120.0,,1.0,,Apartamento,,Carrasco,U$S,180000.0
,2018.0,,1.0,,Al frente,,Excelente estado,1.0,,,,,86.0,,1.0,Rambla,Apartamento,,Puerto Buceo,U$S,68000.0
,,,3.0,,Al frente,2.0,Excelente estado,1.0,,,,,130.0,,1.0,,Apartamento,,Golf,U$S,59600.0
,,,3.0,,Al frente,3.0,Excelente estado,1.0,,,,,230.0,,1.0,,Apartamento,,Pocitos,U$S,56000.0
,,,3.0,,Al frente,3.0,Excelente estado,2.0,,,,,140.0,,1.0,Rambla,Apartamento,,Puerto Buceo,U$S,112000.0
,,,1.0,,Contrafrente,,Excelente estado,,,,,,23.0,,1.0,Avenida,Apartamento,,Cordón,U$S,64000.0
,,,3.0,12,Al frente,3.0,Excelente estado,1.0,,,,,122.0,,1.0,,Apartamento,,Punta Carretas,U$S,72000.0
,,,1.0,,Contrafrente,1.0,Buen estado,,,,,50.0,40.0,,1.0,,Casa,,Malvín Norte,U$S,84000.0
,,,3.0,,Al frente,3.0,Excelente estado,2.0,,,,,250.0,,1.0,Rambla,Apartamento,,Puerto Buceo,U$S,136000.0
1.0,,,3.0,,Al frente,3.0,Excelente estado,1.0,,,,,144.0,,1.0,,Apartamento,,Punta Carretas,$,26000.0
,,,1.0,,Al frente,,Buen estado,1.0,,,,,40.0,,1.0,,Oficina,,Punta Carretas,U$S,78800.0
2.0,2000.0,,1.0,10,Al frente,1.0,Buen estado,1.0,,,,,40.0,7.0,1.0,,Apartamento,,Pocitos,$,17000.0
4.0,1980.0,,1.0,2,Al frente,2.0,Excelente estado,,,,3.0,,65.0,1.0,1.0,Avenida,Apartamento,,Aguada,U$S,192000.0
2.0,,,1.0,12,Al frente,2.0,Buen estado,,,,,,60.0,4.0,1.0,,Apartamento,,Punta Carretas,U$S,108000.0
2.0,1990.0,,1.0,10,Al frente,2.0,Buen estado,1.0,,,,,65.0,5.0,1.0,,Apartamento,,Cordón,$,25000.0
4.0,2010.0,,1.0,10,Al frente,,Buen estado,1.0,,,4.0,,30.0,3.0,1.0,,Apartamento,,Punta Carretas,$,25000.0
3.0,,,1.0,10,Al frente,1.0,Excelente estado,,,,6.0,,40.0,6.0,1.0,,Apartamento,,Punta Carretas,$,25000.0
,1990.0,,1.0,,Al frente,3.0,Buen estado,,,,,200.0,70.0,,1.0,,Casa,,Lagomar,$,32000.0
,2023.0,,1.0,,Al frente,1.0,Buen estado,,,,3.0,50.0,40.0,,2.0,,Casa,,Solymar,$,29000.0
,2022.0,,1.0,,Al frente,1.0,Buen estado,,,,,41.0,,3.0,1.0,,Apartamento,,Punta Gorda,$,22500.0
4.0,,,1.0,,No aplica,2.0,Buen estado,,,,,60.0,60.0,8.0,10.0,,Apartamento,,Buceo,$,27000.0
,,,1.0,,Al frente,1.0,Buen estado,,,,,66.0,56.0,,1.0,,Apartamento,,Puerto Buceo,$,22000.0
,,,1.0,,Al frente,,Buen estado,1.0,,,,71.0,71.0,,1.0,,Oficina,,Carrasco,$,20000.0
,,,1.0,,No aplica,,Buen estado,,,,,63.0,63.0,,1.0,,Oficina,,Carrasco Norte,$,29000.0
,2013.0,,3.0,,Al frente,3.0,Excelente estado,3.0,,,,241.0,220.0,2.0,1.0,,Apartamento,,Carrasco,$,25000.0
,1975.0,,1.0,,Al frente,,Requiere mantenimiento,,,,,,30.0,,1.0,,Local Comercial,,Pocitos,U$S,60000.0
,2010.0,,1.0,10,Al frente,,Excelente estado,,,,,,25.0,8.0,1.0,Avenida,Apartamento,,Tres Cruces,U$S,78000.0
,1950.0,,1.0,2,Interior,1.0,Buen estado,,,,,,40.0,1.0,1.0,Avenida,Apartamento,,Brazo Oriental,U$S,80000.0
,1950.0,,1.0,2,Interior,2.0,Excelente estado,,,,,,59.0,1.0,1.0,Avenida,Apartamento,,La Blanqueada,U$S,200000.0
2.0,1940.0,,2.0,10,Al frente,2.0,Buen estado,,,,,,65.0,1.0,1.0,Avenida,Apartamento,,Aguada,$,28000.0
,1966.0,,3.0,,Al frente,3.0,Buen estado,2.0,,,,268.0,213.0,,2.0,Avenida,Casa,,La Blanqueada,$,18000.0
2.0,,,1.0,,No aplica,2.0,Buen estado,2.0,,,50.0,53.0,53.0,1.0,,,Apartamento,,Unión,$,15000.0
4.0,,,1.0,,Al frente,1.0,A estrenar,,,,,51.0,45.0,2.0,1.0,,Apartamento,,La Blanqueada,$,23900.0
,1984.0,,1.0,,Al frente,2.0,Reciclada,,,,,48.0,48.0,18.0,1.0,,Apartamento,,La Blanqueada,$,22000.0
3.0,,,2.0,,No aplica,2.0,Buen estado,,,,,65.0,65.0,,3.0,,Apartamento,,La Blanqueada,$,89500.0
3.0,2012.0,,1.0,13,Al frente,1.0,Excelente estado,,,,3.0,,50.0,7.0,1.0,Rambla,Apartamento,,Punta Carretas,$,28700.0
,1990.0,,2.0,,Al frente,,Excelente estado,,,,,,400.0,,1.0,,Local Comercial,,Aguada,$,26000.0
6.0,2017.0,,2.0,11,No aplica,3.0,Excelente estado,2.0,,,15.0,,126.0,,1.0,,Apartamento,,Parque Miramar,$,30000.0
,2020.0,,2.0,14,Al frente,3.0,Excelente estado,1.0,,,16.0,,104.0,12.0,1.0,,Apartamento,Si,Malvín,$,23000.0
,1945.0,,1.0,,Al frente,,Excelente estado,,,,,41.0,41.0,,1.0,,Local Comercial,,Ciudad Vieja,$,40000.0
,1998.0,,1.0,,Lateral,,Excelente estado,,,,,,42.0,,1.0,,Oficina,,Centro,$,90000.0
1.0,1980.0,,1.0,2,Al frente,2.0,Reciclada,,,,3.0,,70.0,,1.0,Avenida,Apartamento,,Palermo,U$S,74000.0
8.0,2022.0,,3.0,,Al frente,3.0,Buen estado,2.0,,,15.0,,98.0,6.0,,,Apartamento,,Carrasco,$,49500.0
,,,,,No aplica,,Sin Definir,,,,,,,,1.0,,Local industrial o galpón,,Tres Cruces,$,25000.0
,2024.0,,1.0,10,Al frente,1.0,A estrenar,1.0,,,6.0,,44.0,3.0,1.0,Avenida,Apartamento,,La Blanqueada,$,13500.0
,,,1.0,,No aplica,2.0,Buen estado,1.0,,,3.0,,60.0,5.0,1.0,,Apartamento,,Malvín,$,28000.0
,1999.0,,1.0,,Al frente,2.0,Excelente estado,1.0,,,,100.0,100.0,,1.0,,Casa,,Piedras Blancas,U$S,104000.0
,,,1.0,,No aplica,1.0,Buen estado,,,,,56.0,56.0,,,,Apartamento,,Pocitos,$,29000.0
,,,1.0,,Contrafrente,1.0,Buen estado,,,,,,64.0,,,,Apartamento,,Punta Carretas,$,28000.0
,,,2.0,,No aplica,4.0,Buen estado,2.0,,,,578.0,148.0,,,,Casa,,El Pinar,$,29500.0
4.0,2015.0,,1.0,10,Al frente,,Buen estado,,,,5.0,,35.0,1.0,2.0,,Apartamento,,Punta Carretas,$,22500.0
,,,2.0,,No aplica,3.0,Buen estado,1.0,,,,115.0,105.0,,,,Apartamento,,Pocitos,$,29000.0
,,,1.0,,Al frente,1.0,Buen estado,,,,,,45.0,,1.0,,Apartamento,,Villa Muñoz,$,44900.0
,,,1.0,,Al frente,,Buen estado,,,,,,30.0,,,,Apartamento,,Pocitos,$,55000.0
4.0,2022.0,,2.0,,Al frente,2.0,Buen estado,1.0,,,10.0,,90.0,1.0,,,Apartamento,,Parque Miramar,$,19000.0
,1997.0,,1.0,,Al frente,,Requiere mantenimiento,,,,,,50.0,,1.0,,Oficina,,Cordón,U$S,66000.0
3.0,2000.0,,1.0,10,Al frente,1.0,Buen estado,1.0,,,,,32.0,2.0,1.0,,Apartamento,,Punta Carretas,$,18400.0
3.0,2024.0,,1.0,,Al frente,1.0,A estrenar,1.0,,,2.0,,38.0,2.0,,,Apartamento,,Cordón,$,18000.0
6.0,2021.0,,1.0,,Contrafrente,,Buen estado,,,,,,30.0,4.0,,,Apartamento,,Pocitos,U$S,64000.0
,2024.0,,2.0,,Al frente,,Buen estado,,,,,679.0,679.0,,,,Apartamento,,Ciudad Vieja,$,26000.0
5.0,2024.0,,1.0,,Al frente,1.0,A estrenar,1.0,,,5.0,,37.0,1.0,,,Apartamento,,Tres Cruces,$,19000.0
,,,3.0,,Al frente,2.0,Buen estado,2.0,,,,,200.0,9.0,,,Apartamento,,Puerto Buceo,$,28500.0
1.0,,,1.0,,Al frente,,A estrenar,,,,,192.0,192.0,,,,Apartamento,,Puerto Buceo,$,19800.0
,2010.0,,5.0,,No aplica,5.0,Buen estado,,,,,3.0,327.0,,,,Casa,,Pinares,$,195000.0
6.0,,,3.0,,No aplica,3.0,Buen estado,2.0,,,5.0,119.0,119.0,15.0,,,Apartamento,Si,Península,$,25900.0
,2010.0,,3.0,,No aplica,4.0,Buen estado,1.0,,,,800.0,230.0,,,,Casa,,La Barra,U$S,260000.0
6.0,1982.0,,3.0,,No aplica,2.0,Buen estado,,,,20.0,120.0,120.0,2.0,17.0,,Apartamento,,Playa Mansa,U$S,176000.0
,,,1.0,,Al frente,2.0,Buen estado,1.0,,,,,65.0,5.0,,,Apartamento,,Pocitos,U$S,140000.0
4.0,,,1.0,,Contrafrente,2.0,Buen estado,,,,3.0,,,3.0,,,Apartamento,,Centro,U$S,60000.0
,,,1.0,,Al frente,3.0,Buen estado,1.0,,,,,60.0,14.0,,,Apartamento,,Parque Batlle,U$S,128000.0
,,,1.0,,Al frente,1.0,Buen estado,,,,,,,,,,Apartamento,,Unión,U$S,68000.0
,,,1.0,,Interior,1.0,Buen estado,,,,,,,,,,Apartamento,,Brazo Oriental,$,41000.0
,,,1.0,,Interior,2.0,Buen estado,,,,,,,,,,Apartamento,,Centro,$,33000.0
,,,1.0,,No aplica,2.0,Buen estado,1.0,,,,,60.0,,,,Apartamento,,Solymar,$,35000.0
,,,1.0,,No aplica,,Buen estado,,,,,,20.0,,,,Apartamento,,,$,21000.0
4.0,1950.0,,1.0,8,Al frente,2.0,Buen estado,,,,2.0,,60.0,2.0,1.0,,Apartamento,,Cordón,$,18000.0
3.0,1988.0,,1.0,10,Al frente,2.0,Buen estado,,,,3.0,,57.0,7.0,1.0,Avenida,Apartamento,,Pocitos,$,24000.0
2.0,1974.0,,1.0,2,Al frente,2.0,Excelente estado,,,,2.0,,60.0,1.0,1.0,,Apartamento,,Cordón,$,24000.0
5.0,2003.0,,1.0,10,Contrafrente,2.0,Excelente estado,,,,20.0,,60.0,1.0,1.0,Avenida,Apartamento,,Cordón,$,16000.0
,,,1.0,,Contrafrente,,A estrenar,,,,,,38.0,,,,Apartamento,,Malvín,$,21000.0
,2000.0,,1.0,10,Al frente,1.0,Excelente estado,,,,,,40.0,4.0,1.0,,Apartamento,,Parque Rodó,$,26000.0
3.0,2023.0,,1.0,2,Al frente,,A estrenar,,,,3.0,,30.0,,1.0,,Apartamento,,Malvín,$,26500.0
3.0,,,1.0,2,Al frente,1.0,A estrenar,,,,12.0,,42.0,,1.0,,Apartamento,,Malvín,$,18500.0
,2020.0,,1.0,,Al frente,,A estrenar,,,,,,100.0,,1.0,Avenida,Local Comercial,,Pando,$,20000.0
2.0,2010.0,,1.0,10,Al frente,1.0,Excelente estado,,,,3.0,,60.0,8.0,1.0,,Apartamento,,Punta Carretas,$,20000.0
,2003.0,,2.0,9,No aplica,4.0,Buen estado,,,,2.0,,77.0,1.0,1.0,,Apartamento,,Prado,$,20000.0
3.0,,,1.0,,Al frente,,A estrenar,1.0,,,,,30.0,,1.0,Avenida,Apartamento,,Bella Italia,$,25000.0
3.0,,,1.0,1,Al frente,,A estrenar,1.0,,,,,30.0,,1.0,Avenida,Apartamento,,Bella Italia,$,28500.0
4.0,2024.0,,1.0,2,Interior,1.0,A estrenar,,,,2.0,,44.0,2.0,1.0,,Apartamento,,Prado,U$S,52000.0
,,,3.0,,Al frente,3.0,Buen estado,,,,,75.0,75.0,,2.0,,Casa,,Parque Rodó,$,31000.0
10.0,2023.0,,1.0,10,Contrafrente,2.0,A estrenar,,,,26.0,,48.0,5.0,1.0,,Apartamento,,La Blanqueada,$,13900.0
8.0,2020.0,,1.0,16,Contrafrente,1.0,Excelente estado,,,,6.0,,38.0,11.0,1.0,,Apartamento,,Malvín,$,13900.0
,2010.0,,2.0,,Al frente,3.0,Buen estado,2.0,,,220.0,,450.0,5.0,1.0,,Apartamento,,Pocitos,$,24900.0
,2013.0,,1.0,,Contrafrente,,Buen estado,,,,,,30.0,6.0,1.0,,Apartamento,,Punta Carretas,$,39000.0
,2000.0,,3.0,,Al frente,4.0,Excelente estado,1.0,,,7.0,,115.0,,1.0,,Apartamento,,Punta Carretas,$,29000.0
,2020.0,,1.0,,Al frente,1.0,Buen estado,,,,10.0,,60.0,10.0,1.0,,Apartamento,,Punta Carretas,$,27000.0
,2021.0,,2.0,,Contrafrente,2.0,Excelente estado,1.0,,,10.0,,80.0,,1.0,,Apartamento,,Punta Carretas,U$S,120000.0
4.0,2021.0,,1.0,2,Al frente,2.0,Excelente estado,,,,5.0,,59.0,,1.0,,Apartamento,,Prado,U$S,22000.0
,1961.0,,1.0,,No aplica,,A estrenar,1.0,,,30.0,,35.0,,1.0,,Apartamento,,Buceo,U$S,80000.0
4.0,1970.0,,1.0,,No aplica,2.0,Buen estado,,,,,55.0,55.0,1.0,,,Apartamento,,Cordón,$,36000.0
6.0,,,1.0,,No aplica,1.0,Buen estado,,,,,43.0,43.0,7.0,,,Apartamento,,Centro,U$S,64000.0
6.0,,,1.0,,No aplica,1.0,Buen estado,,,,,42.0,42.0,11.0,,,Apartamento,,Tres Cruces,$,30000.0
,1980.0,,1.0,,Interior,1.0,Buen estado,,,,,,40.0,,1.0,,Apartamento,,La Blanqueada,$,19200.0
4.0,2023.0,,1.0,4,Interior,2.0,A estrenar,,,,,,51.0,,1.0,,Apartamento,,Aguada,$,29000.0
,,,1.0,,No aplica,1.0,Buen estado,1.0,,,,,53.0,,1.0,,Apartamento,,Malvín,$,19900.0
,,,2.0,,No aplica,3.0,Buen estado,1.0,,,,,115.0,,1.0,,Apartamento,,Punta Carretas,$,26000.0
,,,2.0,,Al frente,4.0,Buen estado,2.0,,,,400.0,156.0,,1.0,Avenida,Casa,,Carrasco,$,15700.0
,,,1.0,,No aplica,2.0,Buen estado,,,,,,45.0,,1.0,,Apartamento,,Ciudad Vieja,$,27000.0
4.0,2019.0,,2.0,11,Al frente,2.0,Excelente estado,1.0,,,3.0,,102.0,9.0,1.0,,Apartamento,,Punta Carretas,$,29500.0
7.0,2023.0,,1.0,4,Al frente,1.0,Excelente estado,1.0,,,,,51.0,2.0,1.0,,Apartamento,,Pocitos Nuevo,$,65000.0
3.0,2010.0,,3.0,4,Contrafrente,3.0,Excelente estado,3.0,,,21.0,,179.0,,1.0,,Apartamento,,Parque Miramar,U$S,108000.0
7.0,2028.0,,2.0,11,Al frente,3.0,Buen estado,,,,8.0,,91.0,1.0,1.0,,Apartamento,,Centro,$,19500.0
4.0,2020.0,,1.0,4,Al frente,,A estrenar,,,,3.0,,33.0,1.0,1.0,Avenida,Apartamento,,Malvín,U$S,100000.0
7.0,2023.0,,1.0,3,Contrafrente,2.0,A estrenar,,,,4.0,,57.0,1.0,1.0,,Apartamento,,Prado,$,28000.0
7.0,2023.0,,1.0,3,Al frente,2.0,A estrenar,,,,3.0,,60.0,2.0,1.0,,Apartamento,,Prado,U$S,120000.0
7.0,2023.0,,1.0,3,Interior,1.0,A estrenar,,,,2.0,,39.0,2.0,1.0,,Apartamento,,Prado,$,45000.0
4.0,2023.0,,1.0,3,Contrafrente,1.0,A estrenar,,,,12.0,,56.0,,1.0,,Apartamento,,Prado,$,23000.0
4.0,2023.0,,1.0,3,Interior,1.0,A estrenar,,,,2.0,,40.0,,1.0,,Apartamento,,Prado,$,31000.0
4.0,2019.0,,2.0,11,Al frente,2.0,Excelente estado,1.0,,,3.0,,83.0,7.0,1.0,,Apartamento,,Punta Carretas,$,35000.0
3.0,2019.0,,3.0,11,Al frente,3.0,Excelente estado,1.0,,,5.0,,143.0,9.0,1.0,,Apartamento,,Punta Carretas,$,25600.0
3.0,2019.0,,3.0,11,Al frente,2.0,Excelente estado,1.0,,,20.0,,80.0,10.0,1.0,,Apartamento,,Punta Carretas,$,26000.0
4.0,2018.0,,2.0,4,Al frente,2.0,Excelente estado,1.0,,,130.0,,97.0,,1.0,,Apartamento,,Haras del Lago,$,24500.0
,2023.0,,1.0,,No aplica,1.0,Buen estado,,,,3.0,,34.0,,,,Apartamento,,Prado,U$S,100000.0
10.0,2023.0,,1.0,11,Al frente,1.0,A estrenar,,,,6.0,,38.0,6.0,1.0,,Apartamento,,Cordón,U$S,120000.0
10.0,2023.0,,1.0,10,Contrafrente,1.0,A estrenar,,,,5.0,,38.0,8.0,1.0,,Apartamento,,Cordón,U$S,88000.0
,,,1.0,,Lateral,2.0,A estrenar,1.0,,,,65.0,65.0,,2.0,,Apartamento,,Las Delicias,$,58000.0
,2013.0,,2.0,,No aplica,1.0,Buen estado,,,,,75.0,75.0,,,,Apartamento,,Buceo,$,24000.0
,2020.0,,3.0,,No aplica,3.0,Buen estado,1.0,,,,170.0,144.0,1.0,3.0,,Apartamento,,Barrios Privados,$,25250.0
,2017.0,,3.0,,No aplica,3.0,Buen estado,1.0,,,,130.0,130.0,2.0,,,Apartamento,,Puerto Buceo,$,25750.0
,2012.0,,2.0,,No aplica,2.0,Buen estado,1.0,,,,162.0,162.0,12.0,3.0,,Apartamento,,Playa Brava,U$S,3600.0
,2021.0,,1.0,3,Contrafrente,,A estrenar,,,,12.0,,43.0,104.0,1.0,,Apartamento,,Punta Carretas,$,39000.0
,2021.0,,1.0,3,Contrafrente,1.0,A estrenar,,,,6.0,,50.0,2.0,1.0,,Apartamento,,Punta Carretas,$,64500.0
,,,1.0,,,,,,,,,,13.0,,,,Local Comercial,,Cordón,U$S,128000.0
,2019.0,,1.0,3,Al frente,2.0,Excelente estado,,,,,,45.0,2.0,1.0,,Apartamento,,Unión,U$S,200000.0
9.0,1929.0,,1.0,,Interior,2.0,Excelente estado,,,,,,,,,,Apartamento,,Buceo,$,22000.0
2.0,1978.0,,1.0,10,Al frente,2.0,Sin Definir,,,,,,52.0,,3.0,,Apartamento,,Aguada,$,30000.0
,,,1.0,,Contrafrente,,,,,,,,,,3.0,,Oficina,,Centro,$,10000.0
,,,1.0,,Al frente,1.0,Buen estado,,,,,,,,2.0,,Apartamento,,Aguada,$,22500.0
,1953.0,,1.0,,Al frente,,Sin Definir,,,,,97.0,92.0,,1.0,Avenida,Local Comercial,,Aguada,$,19500.0
,,,1.0,,Contrafrente,,,,,,,,,,,,Oficina,,Ciudad Vieja,$,23000.0
,,,3.0,,,,,,,,,,800.0,,,,Local Comercial,,Centro,$,10500.0
,,,,,,,,,,,,,,,,,Local industrial o galpón,,Aguada,$,16000.0
,,,1.0,,Lateral,1.0,A estrenar,,,,,,36.0,,1.0,,Apartamento,,Centro,$,35000.0
,1984.0,,1.0,,Lateral,3.0,Buen estado,,,,,,63.0,,,,Apartamento,,Punta Carretas,$,9000.0
,,,1.0,,Contrafrente,1.0,A estrenar,1.0,,,,,37.0,,,,Apartamento,,Centro,$,260000.0
,,,1.0,,No aplica,,Buen estado,,,,,15.0,15.0,,,,Terreno,,La Paz,U$S,128000.0
,2023.0,,1.0,,No aplica,,Buen estado,1.0,,,,150.0,55.0,,1.0,,Otro,,Lagomar,$,22000.0
,1974.0,,2.0,,No aplica,,Buen estado,,,,,694.0,694.0,,,,Oficina,,Ciudad Vieja,$,38000.0
,,,2.0,,No aplica,2.0,Buen estado,1.0,,,,46.0,46.0,9.0,,,Apartamento,,Roosevelt,$,27000.0
3.0,1950.0,,2.0,7,Al frente,2.0,Excelente estado,1.0,,,5.0,,103.0,3.0,1.0,Avenida,Apartamento,,Pocitos,$,45000.0
4.0,2017.0,,1.0,3,Al frente,,Buen estado,,,,38.0,,30.0,2.0,1.0,,Apartamento,,Pocitos,$,32000.0
,2014.0,,2.0,9,Contrafrente,2.0,Buen estado,1.0,,,2.0,,69.0,7.0,1.0,,Apartamento,,Pocitos,$,80000.0
,1950.0,,3.0,,No aplica,,Buen estado,3.0,,,,,2.0,,1.0,,Local industrial o galpón,,Maroñas,U$S,48000.0
,,,1.0,,Al frente,,Excelente estado,1.0,,6,20.0,,65.0,,1.0,,Chacra o Campo,,Zona Rural,$,42000.0
2.0,1970.0,,1.0,8,Al frente,1.0,Excelente estado,,,,25.0,,65.0,8.0,1.0,,Apartamento,,Pocitos,$,21000.0
,,,1.0,,Al frente,2.0,Excelente estado,,,,,,65.0,,1.0,Avenida,Apartamento,Si,Centro,$,36000.0
,,,1.0,,Al frente,,Excelente estado,,,,,,33.0,,1.0,Avenida,Local Comercial,,Punta del Este,U$S,312000.0
3.0,2016.0,,3.0,11,Al frente,2.0,Excelente estado,1.0,,,20.0,,102.0,10.0,1.0,,Apartamento,,Punta Carretas,$,150.0
,,,2.0,,No aplica,,Excelente estado,,,,,,200.0,,1.0,,Local Comercial,,Maldonado,$,33500.0
,1920.0,,1.0,,Al frente,5.0,Buen estado,,,,,800.0,300.0,,1.0,,Casa,,La Paz (Uyco),$,26500.0
,,,1.0,,No aplica,2.0,Excelente estado,,,,,,90.0,,1.0,,Apartamento,,Parque Batlle,U$S,31200.0
,1960.0,,2.0,,Al frente,,Buen estado,,,,,120.0,120.0,,1.0,,Local Comercial,,Centro,U$S,70000.0
,1974.0,,3.0,,Lateral,,Excelente estado,1.0,,,,,280.0,,3.0,,Oficina,,Centro,$,85000.0
,,,1.0,,Al frente,2.0,Excelente estado,,,,50.0,,50.0,,1.0,,Apartamento,,Buceo,$,30000.0
1.0,2010.0,,3.0,12,Al frente,3.0,Excelente estado,2.0,,,,,190.0,9.0,1.0,,Apartamento,,Villa Biarritz,$,45000.0
,1975.0,,1.0,,Al frente,3.0,Buen estado,,,,,63.0,,1.0,1.0,,Apartamento,,Aires Puros,$,150000.0
,2012.0,,2.0,,No aplica,2.0,Excelente estado,,,,,170.0,,2.0,1.0,,Apartamento,,Carrasco,$,70000.0
,1997.0,,2.0,,Al frente,,Excelente estado,,,,,180.0,360.0,,2.0,,Oficina,,Ciudad Vieja,$,30000.0
3.0,1972.0,,1.0,10,Al frente,2.0,Buen estado,,,,,,50.0,2.0,1.0,,Apartamento,,Ciudad Vieja,U$S,140000.0
,,,1.0,,No aplica,1.0,Buen estado,,,,,51.0,30.0,,1.0,,Casa,,Bella Italia,$,30000.0
,2003.0,,1.0,,Al frente,,Buen estado,,,,,242.0,242.0,,1.0,,Local Comercial,,Punta Carretas,U$S,58000.0
,2015.0,,1.0,,No aplica,2.0,Buen estado,3.0,,,,1.0,350.0,,1.0,,Casa,,Colonia Nicolich,$,54000.0
,1990.0,,2.0,,Al frente,,Buen estado,,,,,267.0,267.0,,1.0,,Local Comercial,,Centro,$,30500.0
,,,1.0,,No aplica,,Buen estado,,,,,,60.0,,1.0,,Oficina,,Ciudad Vieja,$,60000.0
,,,,,No aplica,,Sin Definir,,,,,45.0,,,1.0,,Terreno,,Montevideo,U$S,268000.0
1.0,2017.0,,3.0,12,Al frente,4.0,A estrenar,3.0,,,20.0,,440.0,11.0,1.0,Rambla,Apartamento,,Puerto Buceo,$,60000.0
,1988.0,,2.0,,Al frente,5.0,Excelente estado,3.0,,,,610.0,210.0,,2.0,Rambla,Casa,Si,Ciudad de la Costa,$,85000.0
,1998.0,,3.0,,Al frente,4.0,Excelente estado,1.0,,,,260.0,218.0,,2.0,,Casa,,Punta Carretas,$,12000.0
,,,1.0,,Al frente,,Buen estado,,,,,,200.0,,1.0,Avenida,Local Comercial,,Unión,U$S,220000.0
,1951.0,,2.0,,Al frente,,Buen estado,,,,,,101.0,,1.0,Avenida,Local Comercial,,Tres Cruces,U$S,340000.0
,,,3.0,,,,A estrenar,,,,,,2.0,,,,Local industrial o galpón,,Mercado Modelo,U$S,100000.0
,,,1.0,,No aplica,,Buen estado,,,,,,52.0,,1.0,,Oficina,,La Blanqueada,U$S,140000.0
,,,1.0,,No aplica,,Sin Definir,,,,,,,,1.0,,Local industrial o galpón,,Peñarol,$,125000.0
,,,2.0,,Al frente,,Excelente estado,,,,,,80.0,,1.0,Avenida,Local Comercial,,Punta Carretas,$,70000.0
,,,1.0,,No aplica,,Sin Definir,,,,,640.0,6.0,,1.0,,Terreno,,Colinas de Solymar,$,220000.0
,,,1.0,,No aplica,,Sin Definir,,,,,,,,1.0,,Local industrial o galpón,,Nuevo París,$,230.0
,,,1.0,,No aplica,3.0,Sin Definir,1.0,,,,650.0,150.0,,1.0,,Casa,,Paso de los Toros,$,19500.0
,,,2.0,,No aplica,3.0,Excelente estado,1.0,,,,1.0,250.0,,1.0,,Casa,,Salinas,$,120000.0
,1960.0,,3.0,,No aplica,4.0,Buen estado,3.0,,,,2.0,350.0,,1.0,,Casa,,Solís,$,15000.0
,,,1.0,,No aplica,,Excelente estado,,,,,,99.0,,1.0,,Local Comercial,,Parque del Plata Sur,U$S,120000.0
,,,3.0,,No aplica,,,,,,,400.0,400.0,,,,Local industrial o galpón,,Progreso,$,30000.0
,,,3.0,,Al frente,5.0,Buen estado,,,,200.0,5.0,450.0,,2.0,Avenida,Casa,,La Pedrera,$,65000.0
4.0,2022.0,,3.0,3,Al frente,2.0,A estrenar,2.0,,,15.0,,123.0,2.0,1.0,Avenida,Apartamento,,Ciudad de la Costa,U$S,12000.0
,,,1.0,,No aplica,,Sin Definir,,,,,9.0,,,1.0,,Casa,,Piedras Blancas,$,25000.0
,,,1.0,,Al frente,3.0,Buen estado,,,,,450.0,120.0,,1.0,,Casa,,Durazno,$,39000.0
,,,1.0,,No aplica,,,,,,,1.0,1.0,,,,Terreno,,El Pinar,$,12000.0
,1950.0,,2.0,,Al frente,,Buen estado,,,,,,519.0,,1.0,,Local Comercial,,Centro,U$S,96000.0
,1950.0,,2.0,,Al frente,5.0,Excelente estado,,,,,238.0,238.0,,1.0,,Casa,,Centro,$,30000.0
,2010.0,,1.0,,No aplica,1.0,Buen estado,,,,,50.0,42.0,,,,Casa,,San José de Mayo,$,38000.0
,2021.0,,1.0,,No aplica,,Sin Definir,,,,,180.0,24.0,,1.0,,Casa,,San José,$,20000.0
,2019.0,,2.0,19,Al frente,2.0,Excelente estado,1.0,,,10.0,,85.0,,1.0,,Apartamento,,,U$S,88000.0
,2018.0,,1.0,,Al frente,2.0,Excelente estado,1.0,,,,130.0,30.0,,1.0,,Casa,Si,Guazuvirá,U$S,72000.0
,,,1.0,,No aplica,,Sin Definir,,,,,500.0,,,1.0,,Terreno,,Neptunia,$,17000.0
3.0,2021.0,,1.0,3,No aplica,,A estrenar,1.0,,,20.0,,34.0,,1.0,,Apartamento,,Carrasco Norte,$,9000.0
,,,3.0,,Al frente,5.0,Excelente estado,3.0,,,,,406.0,11.0,1.0,Rambla,Apartamento,,Pocitos,U$S,60000.0
1.0,1980.0,,3.0,10,Al frente,3.0,Excelente estado,1.0,,,10.0,,150.0,,1.0,Rambla,Apartamento,,Pocitos,Consultar,
7.0,2022.0,,1.0,4,Al frente,1.0,Excelente estado,1.0,,,3.0,,35.0,2.0,1.0,,Apartamento,,Punta Gorda,$,18000.0
,1932.0,,2.0,,No aplica,5.0,Buen estado,1.0,,,,,300.0,,2.0,,Casa,,Cerro,$,24000.0
,2010.0,,3.0,,Al frente,3.0,Excelente estado,2.0,,,,700.0,500.0,,2.0,,Casa,Si,El Pinar,U$S,400000.0
,,,1.0,,No aplica,,Buen estado,,,,,,40.0,,1.0,,Local industrial o galpón,,Colón,U$S,100000.0
1.0,,,3.0,,Al frente,4.0,Excelente estado,1.0,,,8.0,,140.0,,1.0,,Apartamento,,Pocitos,$,27000.0
,,,3.0,,No aplica,4.0,Buen estado,,,,,1.0,,,,,Casa,,Altos de La Tahona,$,52000.0
8.0,2015.0,,1.0,26,Al frente,1.0,Excelente estado,1.0,,,14.0,,70.0,,1.0,Avenida,Apartamento,,Playa Brava,U$S,118000.0
,2018.0,,1.0,,Al frente,1.0,Excelente estado,1.0,,,50.0,450.0,140.0,,1.0,,Casa,,José Ignacio,$,11500.0
,,,3.0,,Al frente,4.0,Excelente estado,3.0,,,30.0,690.0,500.0,,3.0,Rambla,Casa,,Carrasco,U$S,86000.0
,,,1.0,,No aplica,,Sin Definir,,,,,,,,1.0,,Hotel,,La Pedrera,U$S,156000.0
,2018.0,,1.0,9,Interior,1.0,A estrenar,1.0,,,175.0,,653.0,2.0,1.0,Rambla,Apartamento,Si,Buceo,U$S,48000.0
,2018.0,,2.0,9,Interior,2.0,Excelente estado,1.0,,,9.0,,111.0,,1.0,Rambla,Apartamento,,Buceo,U$S,11600.0
2.0,1958.0,,1.0,1,Interior,1.0,Buen estado,,,,8.0,,29.0,,1.0,,Apartamento,,Punta Carretas,U$S,300000.0
,2003.0,,3.0,,Al frente,,Excelente estado,1.0,,,10.0,,188.0,,1.0,,Oficina,,Carrasco,U$S,1000.0
,,,1.0,3,Contrafrente,1.0,Excelente estado,1.0,,,5.0,,52.0,3.0,1.0,,Apartamento,,Malvín,U$S,106000.0
,2018.0,,3.0,,Al frente,4.0,Excelente estado,3.0,,,,780.0,300.0,,1.0,,Casa,,Carrasco,U$S,152000.0
5.0,1995.0,,1.0,21,Contrafrente,1.0,Excelente estado,1.0,,,2.0,,40.0,15.0,3.0,,Apartamento,,Pocitos,U$S,46400.0
,,,3.0,2,Al frente,3.0,Excelente estado,2.0,,,,,190.0,,2.0,Rambla,Apartamento,,Carrasco,U$S,159960.0
,1962.0,,1.0,,Al frente,3.0,Excelente estado,,,,80.0,80.0,80.0,,2.0,,Casa,,Buceo,$,32000.0
,,,1.0,,Contrafrente,1.0,A estrenar,,,,5.0,,40.0,1.0,1.0,,Apartamento,,Malvín,U$S,152000.0
2.0,,,2.0,2,Contrafrente,3.0,Excelente estado,1.0,,,,,80.0,1.0,1.0,,Apartamento,,Punta Carretas,$,34000.0
,1974.0,,2.0,4,Contrafrente,2.0,Excelente estado,,,,50.0,,70.0,,1.0,,Apartamento,,Parque Rodó,U$S,116000.0
,1990.0,,2.0,,Al frente,2.0,Buen estado,,,,,600.0,100.0,,1.0,,Casa,,Solymar,$,38000.0
,2022.0,,1.0,,Al frente,2.0,Excelente estado,2.0,,,,150.0,70.0,,2.0,,Casa,,Parque Miramar,$,30000.0
4.0,1987.0,,2.0,21,Al frente,2.0,Excelente estado,1.0,,,,,90.0,20.0,1.0,,Apartamento,Si,Punta del Este,$,45000.0
,1969.0,,2.0,,Al frente,,Buen estado,,,,,134.0,277.0,,1.0,,Local Comercial,,Centro,$,50000.0
18.0,2017.0,,1.0,10,Lateral,2.0,Excelente estado,1.0,,,38.0,,57.0,2.0,1.0,,Apartamento,,Cordón,$,38000.0
,,,3.0,,Al frente,,Buen estado,,,,,,448.0,,,,Oficina,,Centro,$,40000.0
,1980.0,,2.0,,Al frente,,Excelente estado,1.0,,,,,107.0,,1.0,Avenida,Local Comercial,,San Luis,U$S,7200.0
,,,1.0,,Interior,1.0,Buen estado,,,,,,35.0,,,,Apartamento,,Aguada,$,69000.0
,1996.0,,3.0,,No aplica,5.0,Buen estado,1.0,,,,1.0,240.0,,1.0,Avenida,Casa,,Punta del Este,$,36000.0
,,,1.0,,Al frente,2.0,Buen estado,,,,,15.0,60.0,,1.0,,Casa,,Aguas Dulces,$,63000.0
,1974.0,,2.0,4,Contrafrente,2.0,A estrenar,,,,40.0,,95.0,,1.0,,Apartamento,,Cordón,$,30000.0
,,,1.0,,No aplica,,Buen estado,,,,,,600.0,,1.0,,Local industrial o galpón,,Paso Molino,$,23000.0
,2005.0,,3.0,,Al frente,3.0,Excelente estado,,,,,650.0,200.0,,2.0,,Casa,,Carrasco,U$S,108000.0
,,,2.0,,Al frente,,Excelente estado,,,,,,88.0,,1.0,,Local Comercial,,Centro,Consultar,
,,,,,No aplica,,Sin Definir,,,,,,,,1.0,,Garaje o Cochera,,Cordón,$,53000.0
10.0,2023.0,,1.0,3,Al frente,1.0,A estrenar,1.0,,,6.0,,56.0,,1.0,,Apartamento,,Malvín,$,59000.0
4.0,,,1.0,2,Al frente,1.0,Buen estado,,,,3.0,,30.0,1.0,1.0,,Apartamento,,Punta del Este,U$S,184000.0
,,,1.0,,No aplica,1.0,Buen estado,,,,14.0,79.0,79.0,,,,Apartamento,,Aidy Grill,$,45000.0
,2019.0,,2.0,,No aplica,5.0,Buen estado,2.0,,,,640.0,140.0,,1.0,,Casa,,Conchillas,$,4000.0
,2020.0,,2.0,,Lateral,,Excelente estado,,,,70.0,,70.0,,1.0,,Oficina,,Aguada,$,33000.0
,2023.0,,3.0,,Al frente,2.0,A estrenar,1.0,,,,,123.0,,1.0,,Apartamento,,Carrasco Este,U$S,360000.0
2.0,1993.0,,1.0,10,Al frente,2.0,Buen estado,,,,,70.0,70.0,7.0,1.0,,Apartamento,,Colonia del Sacramento,$,1100.0
,2015.0,,1.0,,No aplica,2.0,Buen estado,,,,8.0,300.0,83.0,,2.0,,Apartamento,Si,Piriápolis,$,2500.0
,,,2.0,,Al frente,,Buen estado,,,,,,60.0,,1.0,,Local Comercial,Si,Cordón,$,27000.0
,,,1.0,,Al frente,,Buen estado,,,,,,38.0,,1.0,,Local Comercial,,Centro,U$S,100000.0
,,,2.0,,No aplica,,Excelente estado,,,,,,180.0,,2.0,,Oficina,,Centro,$,2500.0
,2022.0,,2.0,,No aplica,2.0,Buen estado,1.0,,,,600.0,600.0,,,,Casa,,Edén Rock,$,31500.0
,,,2.0,,Al frente,,Buen estado,3.0,,,,,130.0,,1.0,,Oficina,,Cordón,$,20500.0
,,,1.0,,Al frente,3.0,A reciclar,2.0,,,,290.0,130.0,,1.0,,Casa,,San Jacinto,$,60000.0
,2023.0,,1.0,,Al frente,,A estrenar,1.0,,,,,46.0,,1.0,Avenida,Oficina,,Pocitos Nuevo,Consultar,
,,,2.0,,Al frente,2.0,Buen estado,,,,,60.0,60.0,,1.0,,Apartamento,,Punta del Este,U$S,4000.0
4.0,2008.0,,3.0,24,Al frente,3.0,Buen estado,2.0,,,150.0,,420.0,,1.0,Rambla,Apartamento,,Playa Brava,$,45000.0
,1960.0,,3.0,,Al frente,5.0,Buen estado,1.0,,,,1.0,583.0,,2.0,,Casa,,Carrasco,$,25000.0
,,,3.0,,No aplica,5.0,Excelente estado,3.0,,,200.0,4.0,520.0,,2.0,,Casa,,Punta del Este,U$S,64000.0
,,,1.0,,Al frente,,Excelente estado,,,,,65.0,80.0,,1.0,,Oficina,,Ciudad Vieja,U$S,108000.0
,,,2.0,,Al frente,5.0,Reciclada,,,,,190.0,190.0,,2.0,,Casa,,Aguada,U$S,260000.0
,,,3.0,,No aplica,,Buen estado,3.0,,6,,6.0,,,1.0,,Chacra o Campo,,Maldonado,U$S,400000.0
,,,2.0,,No aplica,2.0,Excelente estado,1.0,,,,480.0,150.0,,1.0,,Casa,,Playa Hermosa,U$S,196000.0
,1990.0,,1.0,,No aplica,2.0,Excelente estado,,,,,300.0,90.0,,1.0,,Casa,,Solís,$,25000.0
,2010.0,,1.0,,Al frente,1.0,Reciclada,1.0,,,50.0,500.0,60.0,,2.0,,Casa,,Sauce de Portezuelo,$,45000.0
,,,3.0,,No aplica,,Buen estado,,,,,175.0,14.0,,,,Otro,,Cordón,$,80000.0
,,,2.0,,Al frente,,Buen estado,,,,,,360.0,,2.0,Avenida,Local Comercial,,Unión,$,100.0
,,,1.0,,No aplica,,Sin Definir,,,,,,,,1.0,,Garaje o Cochera,,Malvín,$,2500.0
,,,1.0,,No aplica,,A estrenar,,,,,200.0,30.0,,1.0,,Casa,,Colón,U$S,3600.0
,2018.0,,1.0,,No aplica,2.0,Excelente estado,1.0,,,,610.0,120.0,,1.0,,Casa,,Barrio Córdoba,$,15000.0
,,,1.0,,No aplica,,Excelente estado,,,,,,600.0,,1.0,,Local industrial o galpón,,Atahualpa,$,75000.0
,2021.0,,1.0,,Al frente,,A estrenar,1.0,,,,,575.0,,3.0,Avenida,Local Comercial,,Lagomar,$,3000.0
,2012.0,,3.0,,Al frente,,Excelente estado,3.0,,,,,379.0,,1.0,Avenida,Oficina,,Punta Carretas,$,16800.0
,,,1.0,,Al frente,1.0,Excelente estado,,,,,,55.0,,1.0,Avenida,Apartamento,Si,Centro,U$S,100000.0
,2016.0,,2.0,,Lateral,2.0,Excelente estado,,,,,143.0,,,2.0,,Casa,,Punta Carretas,$,88600.0
,2019.0,,1.0,,Al frente,1.0,Excelente estado,,,,,40.0,,9.0,1.0,,Apartamento,,Malvín,$,50000.0
,2023.0,,1.0,,Al frente,1.0,A estrenar,1.0,,,34.0,,40.0,,1.0,,Apartamento,,Pocitos,U$S,320000.0
,,,2.0,,Contrafrente,2.0,A estrenar,2.0,,,,4.0,92.0,,4.0,,Apartamento,,Carrasco,$,22800.0
,1988.0,,3.0,,No aplica,4.0,Buen estado,2.0,,,,465.0,341.0,,,,Casa,,Pocitos,U$S,72000.0
,1980.0,,2.0,,Al frente,2.0,Excelente estado,,,,,70.0,,3.0,1.0,,Apartamento,,Punta Carretas,$,24900.0
,,,2.0,,Al frente,2.0,A estrenar,1.0,,,,4.0,101.0,,4.0,,Apartamento,,Carrasco,$,39000.0
,,,1.0,,Al frente,,Excelente estado,,,,,,40.0,,1.0,Avenida,Apartamento,Si,Puerto Buceo,U$S,55600.0
,2019.0,,3.0,,Al frente,4.0,Excelente estado,1.0,,,,,105.0,,1.0,,Apartamento,,Pocitos,U$S,220000.0
,2019.0,,3.0,,Al frente,4.0,Excelente estado,1.0,,,,,105.0,,1.0,,Apartamento,,Pocitos,$,35000.0
,,,1.0,,No aplica,,Excelente estado,,,,,,30.0,,2.0,,Local Comercial,,Carrasco,U$S,68000.0
,,,2.0,,Al frente,3.0,Excelente estado,1.0,,,,,110.0,2.0,1.0,,Apartamento,Si,Pocitos Nuevo,$,28000.0
,2021.0,,3.0,,No aplica,3.0,Excelente estado,3.0,,,,4.0,200.0,,1.0,,Casa,,Jose Ignacio,U$S,100000.0
,2009.0,,2.0,,No aplica,2.0,Excelente estado,1.0,,,15.0,,65.0,,1.0,,Apartamento,,Colón,$,76000.0
,1900.0,,1.0,,Al frente,2.0,Excelente estado,,,,,,,4.0,1.0,,Apartamento,,Pocitos,$,24000.0
3.0,2000.0,,1.0,10,Lateral,2.0,Excelente estado,,,,2.0,,50.0,5.0,1.0,,Apartamento,,Tres Cruces,$,48000.0
5.0,2017.0,,1.0,3,Lateral,1.0,Excelente estado,1.0,,,39.0,,46.0,3.0,1.0,,Apartamento,,Parque Batlle,U$S,20000.0
,2021.0,,3.0,,Al frente,3.0,A estrenar,,,,,250.0,150.0,,1.0,,Casa,,Carrasco,$,25000.0
,2020.0,,1.0,,No aplica,1.0,Excelente estado,,,,,,48.0,5.0,1.0,,Apartamento,,Piriápolis,$,45000.0
,1976.0,,2.0,,Al frente,2.0,Buen estado,1.0,,,2.0,,70.0,5.0,1.0,,Apartamento,,Centro,$,36400.0
,1984.0,,3.0,7,Al frente,3.0,Excelente estado,1.0,,,,,99.0,5.0,3.0,,Apartamento,,Punta del Este,$,30000.0
,2023.0,,1.0,,No aplica,2.0,A estrenar,,,,,300.0,88.0,,1.0,,Casa,Si,La Barra,U$S,108000.0
,,,1.0,,Interior,,Buen estado,,,,,,22.0,,1.0,,Local Comercial,,Centro,$,28000.0
,2022.0,,1.0,6,No aplica,2.0,Buen estado,1.0,,,,75.0,63.0,4.0,,,Apartamento,,Ciudad de la Costa,$,28000.0
3.0,1985.0,,1.0,2,Contrafrente,1.0,Buen estado,1.0,,,10.0,60.0,60.0,,1.0,,Apartamento,,La Barra,U$S,10000.0
,1993.0,,2.0,,No aplica,,Buen estado,,,,,193.0,193.0,,1.0,Avenida,Local Comercial,,La Blanqueada,$,23500.0
,,,1.0,,No aplica,,Buen estado,,,,,,150.0,,1.0,Rambla,Local Comercial,,Piriápolis,$,15000.0
,,,1.0,,No aplica,,Excelente estado,,,6,,60.0,,,1.0,Avenida,Chacra o Campo,,Maldonado,$,48000.0
,,,1.0,,No aplica,,,,,,,40.0,40.0,,,,Local industrial o galpón,,Unión,U$S,22000.0
2.0,,,3.0,10,Al frente,3.0,Excelente estado,1.0,,,,140.0,140.0,5.0,1.0,,Apartamento,,Punta Carretas,$,50000.0
,,,3.0,,Al frente,4.0,Excelente estado,3.0,,,12.0,700.0,240.0,,2.0,,Casa,,Punta del Este,$,30000.0
,,,2.0,,No aplica,1.0,Excelente estado,,,,,180.0,340.0,,1.0,,Casa,,Parque Batlle,$,35000.0
,,,1.0,,No aplica,,Sin Definir,,,,,,,,1.0,,Garaje o Cochera,,Maldonado,$,16000.0
,,,2.0,,No aplica,,Buen estado,,,,,,250.0,,2.0,,Local Comercial,,Pocitos,U$S,140000.0
,,,1.0,,No aplica,,Buen estado,,,,,,45.0,,1.0,Rambla,Oficina,,Ciudad Vieja,Consultar,
5.0,2017.0,,2.0,6,Al frente,2.0,Excelente estado,1.0,,,6.0,,91.0,3.0,1.0,Rambla,Apartamento,Si,Punta Gorda,N/A,
,,,3.0,,No aplica,4.0,Excelente estado,1.0,,,12.0,480.0,200.0,,2.0,,Casa,,Carrasco Barrios con Seguridad,N/A,
10.0,2019.0,,2.0,3,Lateral,2.0,Excelente estado,2.0,,,84.0,166.0,86.0,,1.0,,Apartamento,,Carrasco Norte,$,9300.0
6.0,1995.0,,3.0,17,Al frente,3.0,Excelente estado,1.0,,,15.0,,120.0,2.0,1.0,Rambla,Apartamento,,Punta del Este,U$S,36000.0
10.0,2022.0,,1.0,12,Al frente,1.0,A estrenar,,,,,,35.0,8.0,1.0,,Apartamento,,Tres Cruces,$,12000.0
4.0,2023.0,,1.0,10,Contrafrente,,A estrenar,,,,10.0,,35.0,,1.0,,Apartamento,,Pocitos Nuevo,$,20000.0
,,,2.0,,Al frente,3.0,Buen estado,1.0,,,,751.0,110.0,,1.0,,Casa,,Carrasco,U$S,72000.0
,,,3.0,,,,A estrenar,,,,,,375.0,,,,Oficina,,Centro,U$S,112000.0
,,,1.0,,No aplica,2.0,A estrenar,,,,,200.0,68.0,,1.0,,Casa,,Parque del Plata Sur,U$S,74000.0
4.0,2023.0,,3.0,4,Al frente,2.0,A estrenar,2.0,,,20.0,,120.0,2.0,1.0,Avenida,Apartamento,,Parque Miramar,U$S,140000.0
,1953.0,,1.0,,Al frente,3.0,Excelente estado,,,,10.0,110.0,110.0,,1.0,,Casa,,Parque Batlle,$,22000.0
,,,3.0,,,,A estrenar,4.0,,,,,473.0,,,,Oficina,,Palermo,$,23500.0
,1982.0,,3.0,,Al frente,3.0,Buen estado,1.0,,,,,90.0,,,,Apartamento,,Pocitos,$,65000.0
,2019.0,,1.0,,Al frente,,Buen estado,,,,,,48.0,,,,Oficina,,Parque Batlle,U$S,270000.0
,1988.0,,3.0,,Al frente,4.0,Buen estado,4.0,,,,1.0,671.0,,,,Casa,,Carrasco,$,23000.0
2.0,1983.0,,2.0,9,Al frente,3.0,Excelente estado,1.0,,,15.0,,80.0,8.0,1.0,Rambla,Apartamento,,Malvín,U$S,100000.0
,,,3.0,,Al frente,5.0,Buen estado,,,,,120.0,200.0,,2.0,Avenida,Casa,,Pocitos,$,48000.0
2.0,,,1.0,,No aplica,2.0,Buen estado,1.0,,,8.0,73.0,73.0,5.0,,,Apartamento,,Pocitos,U$S,690600.0
5.0,2018.0,,1.0,,Al frente,1.0,Buen estado,1.0,,,2.0,,47.0,7.0,,,Apartamento,,Punta Carretas,$,39500.0
,2015.0,,3.0,,Al frente,3.0,Excelente estado,2.0,,,300.0,900.0,144.0,,2.0,,Casa,,Punta del Este,$,35000.0
1.0,,,2.0,,No aplica,3.0,Buen estado,2.0,,,,230.0,230.0,6.0,10.0,,Apartamento,,Pocitos,U$S,540000.0
18.0,2022.0,,1.0,,No aplica,1.0,Buen estado,1.0,,,5.0,47.0,47.0,5.0,6.0,,Apartamento,,Buceo,$,46500.0
,1977.0,,2.0,,Al frente,3.0,Buen estado,2.0,,,,336.0,250.0,,,,Casa,,Carrasco,$,73500.0
,,,1.0,,Contrafrente,,Excelente estado,,,,,,32.0,,3.0,,Oficina,,Ciudad Vieja,U$S,64000.0
3.0,1981.0,,2.0,10,Al frente,3.0,Excelente estado,,,,,,88.0,10.0,1.0,Rambla,Apartamento,,Malvín,U$S,38000.0
,,,2.0,,No aplica,4.0,,,,,,90.0,90.0,,,,Apartamento,,Colón,U$S,80000.0
,,,3.0,,No aplica,4.0,Excelente estado,1.0,,,,400.0,220.0,,3.0,,Casa,,Carrasco Este,U$S,100000.0
5.0,2017.0,,2.0,20,Al frente,2.0,Excelente estado,1.0,,,5.0,,85.0,10.0,3.0,,Apartamento,,Punta del Este,$,29000.0
,,,1.0,,Al frente,,Buen estado,,,,,,232.0,,2.0,Avenida,Local Comercial,,Goes,U$S,116000.0
,,,2.0,,Al frente,4.0,Buen estado,,,,,265.0,100.0,,1.0,,Casa,,Pando,$,14000.0
12.0,2023.0,,2.0,13,Al frente,2.0,A estrenar,1.0,,,9.0,91.0,60.0,106.0,1.0,,Apartamento,,Punta del Este,$,46500.0
4.0,,,2.0,15,Al frente,2.0,Excelente estado,1.0,,,60.0,,60.0,15.0,3.0,,Apartamento,,Punta del Este,$,21000.0
1.0,2018.0,,1.0,2,Al frente,,Excelente estado,,,,,,60.0,2.0,1.0,,Apartamento,,Parque Batlle,U$S,156000.0
1.0,1958.0,,3.0,9,Al frente,3.0,Reciclada,1.0,,,35.0,,200.0,1.0,1.0,Rambla,Apartamento,,Pocitos,U$S,100000.0
,1980.0,,1.0,,Al frente,,Buen estado,,,,,,40.0,,1.0,Avenida,Oficina,,Cordón,Consultar,
,,,,,No aplica,,Sin Definir,,,,,,,,1.0,,Garaje o Cochera,,Tres Cruces,$,23000.0
,,,3.0,,Al frente,4.0,Excelente estado,2.0,,,,,238.0,4.0,1.0,,Apartamento,,Puerto Buceo,U$S,60000.0
2.0,2009.0,,2.0,5,Al frente,3.0,Buen estado,1.0,,,45.0,,94.0,4.0,1.0,Rambla,Apartamento,,Piriápolis,U$S,80000.0
,,,1.0,,No aplica,1.0,Excelente estado,1.0,,,,,50.0,,1.0,,Apartamento,,Punta del Este,$,32000.0
,,,2.0,,No aplica,,A reciclar,,,,,,192.0,,2.0,,Local Comercial,Si,Cordón,U$S,180000.0
5.0,2017.0,,1.0,25,Al frente,2.0,Excelente estado,,,,,,60.0,12.0,1.0,Avenida,Apartamento,Si,Jacinto Vera,$,15000.0
2.0,1960.0,,2.0,2,Al frente,3.0,Excelente estado,1.0,,,20.0,,100.0,1.0,1.0,,Apartamento,,Punta del Este,$,3584.0
6.0,2000.0,,2.0,17,Al frente,2.0,Excelente estado,1.0,,,,,50.0,8.0,1.0,Rambla,Apartamento,,Punta del Este,U$S,220000.0
,1954.0,,1.0,,Al frente,2.0,Buen estado,,,,,,55.0,,1.0,,Apartamento,,Tres Cruces,U$S,50000.0
2.0,2014.0,,2.0,10,Al frente,2.0,Excelente estado,1.0,,,4.0,,124.0,9.0,1.0,,Apartamento,,Punta Carretas,$,38000.0
,,,1.0,9,No aplica,1.0,A estrenar,,,,,,32.0,1.0,1.0,,Apartamento,,Pocitos,U$S,60000.0
1.0,2000.0,,3.0,8,Al frente,3.0,Buen estado,1.0,,,5.0,,100.0,6.0,1.0,,Apartamento,,Pocitos,$,31500.0
3.0,2000.0,,2.0,6,Al frente,2.0,Reciclada,1.0,,,,,90.0,3.0,1.0,Rambla,Apartamento,,Pocitos,Consultar,
,2023.0,,3.0,,Al frente,3.0,A estrenar,2.0,,,11.0,115.0,100.0,,1.0,Avenida,Casa,,Carrasco,U$S,8800.0
4.0,1980.0,,2.0,19,Al frente,3.0,Buen estado,1.0,,,10.0,,90.0,,1.0,Avenida,Apartamento,,Pocitos,$,22950.0
,1978.0,,1.0,,Al frente,4.0,Reciclada,,,,,100.0,100.0,,1.0,Avenida,Casa,Si,Ciudad de la Costa,U$S,100000.0
,2009.0,,2.0,,Al frente,3.0,Excelente estado,2.0,,,,300.0,95.0,,1.0,,Casa,,Pinares,$,28000.0
5.0,2021.0,,1.0,,Contrafrente,1.0,Buen estado,2.0,,,9.0,,56.0,7.0,,,Apartamento,,Punta Carretas,$,48000.0
,,,3.0,,No aplica,2.0,Buen estado,2.0,,,,178.0,178.0,23.0,27.0,,Apartamento,,Playa Brava,$,48000.0
,,,1.0,,No aplica,2.0,Buen estado,,,,,500.0,95.0,,,,Casa,,Club del Lago,U$S,80000.0
,,,3.0,,No aplica,5.0,Buen estado,2.0,,,32.0,526.0,240.0,,2.0,,Casa,,Pocitos,$,45000.0
,,,1.0,13,Contrafrente,1.0,A estrenar,1.0,,,,,50.0,8.0,1.0,Avenida,Apartamento,,Punta Carretas,$,35000.0
5.0,2020.0,,1.0,8,Lateral,1.0,Excelente estado,,,,4.0,,37.0,4.0,1.0,Rambla,Apartamento,,Carrasco,U$S,7600.0
,1987.0,,3.0,,No aplica,4.0,Buen estado,,,,,900.0,155.0,,2.0,,Casa,,Punta del Este,U$S,66000.0
,1973.0,,1.0,1,Interior,1.0,Buen estado,,,,32.0,52.0,52.0,1.0,1.0,,Apartamento,,Jardines del Hipódromo,U$S,100000.0
6.0,2022.0,,1.0,6,Contrafrente,,A estrenar,,,,4.0,51.0,47.0,3.0,1.0,,Apartamento,,Pocitos Nuevo,U$S,40000.0
,2023.0,,3.0,,Al frente,4.0,A estrenar,2.0,,,,1.0,280.0,,1.0,,Casa,,Barrios Privados,U$S,132000.0
,,,3.0,,Al frente,3.0,Buen estado,1.0,,,1.0,1.0,200.0,,1.0,Avenida,Casa,,Punta del Este,$,33500.0
,,,1.0,,No aplica,1.0,Excelente estado,,,,49.0,,42.0,,2.0,,Apartamento,Si,Villa Argentina,U$S,35200.0
,1995.0,,3.0,,No aplica,5.0,Excelente estado,,,,,1.0,400.0,,2.0,,Casa,,Punta del Este,$,82000.0
8.0,2022.0,,1.0,22,Al frente,1.0,Excelente estado,1.0,,,5.0,,40.0,1.0,1.0,,Apartamento,Si,Punta Carretas,$,14500.0
2.0,1960.0,,2.0,10,Al frente,4.0,Buen estado,1.0,,,10.0,,140.0,5.0,1.0,,Apartamento,,Villa Biarritz,U$S,36000.0
,2012.0,,2.0,,Al frente,,Excelente estado,3.0,,,,,365.0,,1.0,,Oficina,,Centro,U$S,200000.0
,1975.0,,2.0,,Al frente,4.0,Excelente estado,1.0,,,25.0,800.0,160.0,,1.0,,Casa,,Punta del Este,U$S,72000.0
,2016.0,,3.0,,Al frente,3.0,Excelente estado,2.0,,,,1.0,230.0,,1.0,,Casa,,Viñedos de La Tahona,$,26000.0
4.0,2023.0,,1.0,5,No aplica,,Excelente estado,,,,3.0,,43.0,4.0,1.0,,Apartamento,,Pocitos Nuevo,U$S,120000.0
,,,3.0,,Al frente,4.0,Buen estado,2.0,,,22.0,2.0,450.0,,2.0,,Casa,Si,Punta del Este,$,30000.0
,,,1.0,,Al frente,1.0,Excelente estado,,,,20.0,250.0,70.0,,1.0,,Casa,,Neptunia,$,65000.0
3.0,2014.0,,3.0,10,Al frente,3.0,Reciclada,1.0,,,2.0,,120.0,5.0,1.0,Rambla,Apartamento,,Villa Biarritz,U$S,140000.0
1.0,,,2.0,10,Al frente,2.0,Buen estado,,,,,,90.0,4.0,1.0,Avenida,Apartamento,,Pocitos,Consultar,
2.0,2002.0,,2.0,12,Al frente,2.0,Excelente estado,1.0,,,9.0,,73.0,11.0,1.0,Rambla,Apartamento,,Villa Biarritz,U$S,120000.0
,,,2.0,,Al frente,1.0,Buen estado,,,,,126.0,110.0,,2.0,,Casa,,Villa Dolores,$,21500.0
,,,2.0,,No aplica,3.0,Buen estado,1.0,,,,450.0,110.0,,,,Casa,,Playa Brava,U$S,96000.0
,1988.0,,1.0,,Al frente,,Buen estado,,,,,,48.0,,1.0,,Local Comercial,,Pocitos Nuevo,$,25000.0
,,,3.0,,Interior,3.0,Buen estado,1.0,,,,,140.0,,,,Apartamento,,Playa Mansa Pinares,U$S,64000.0
,,,2.0,,Al frente,2.0,Buen estado,1.0,,,,,140.0,,,,Apartamento,,Manantiales,$,40000.0
,,,1.0,,Contrafrente,1.0,Buen estado,,,,,,1.0,,,,Apartamento,,Manantiales,U$S,52000.0
5.0,2004.0,,1.0,10,Al frente,1.0,Excelente estado,,,,5.0,,40.0,7.0,1.0,Avenida,Apartamento,,Pocitos,$,30000.0
3.0,1945.0,,1.0,2,Al frente,1.0,Buen estado,,,,2.0,,48.0,2.0,2.0,,Apartamento,,Ciudad Vieja,U$S,48000.0
,1999.0,,2.0,,Al frente,4.0,Buen estado,,,,,1.0,127.0,,1.0,,Casa,,Haras del Lago,$,28000.0
,2022.0,,1.0,,No aplica,1.0,Excelente estado,2.0,,,,750.0,70.0,,1.0,,Casa,,Punta del Este,$,1750.0
,,,1.0,,No aplica,1.0,Sin Definir,,,,,50.0,50.0,,1.0,,Apartamento,,Ciudad Vieja,U$S,72000.0
1.0,1973.0,,1.0,2,Al frente,1.0,Buen estado,,,,,55.0,55.0,1.0,1.0,,Apartamento,,Centro,U$S,38000.0
,,,1.0,,No aplica,,Sin Definir,,,,,,,,1.0,,Garaje o Cochera,,Pocitos Nuevo,$,27000.0
,,,1.0,,No aplica,3.0,Buen estado,,,,,160.0,140.0,,,,Casa,,Parque Batlle,$,26000.0
,2000.0,,3.0,,Al frente,3.0,Excelente estado,1.0,,,,700.0,120.0,,1.0,,Casa,,Punta del Este,U$S,96000.0
,,,1.0,,No aplica,,Sin Definir,,,,,300.0,300.0,,1.0,,Local industrial o galpón,,Cerrito,U$S,8000.0
,,,1.0,,Al frente,3.0,Excelente estado,,,,25.0,70.0,70.0,,2.0,,Casa,,Bella Vista,$,26000.0
,,,3.0,,Al frente,4.0,Excelente estado,2.0,,,,800.0,270.0,,1.0,,Casa,,Punta del Este,$,27000.0
4.0,1940.0,,1.0,6,Al frente,1.0,A estrenar,,,,10.0,,70.0,3.0,3.0,Avenida,Apartamento,,Parque Batlle,$,4000.0
,,,1.0,,No aplica,2.0,,1.0,,,,42.0,42.0,,,,Casa,,San Jacinto,$,52000.0
,2014.0,,1.0,,Al frente,2.0,Excelente estado,1.0,,,10.0,300.0,40.0,,1.0,,Casa,,Colonia Nicolich,U$S,68000.0
,,,3.0,,Al frente,5.0,Buen estado,1.0,,,10.0,270.0,220.0,,2.0,,Casa,,Pocitos,$,39000.0
,1983.0,,1.0,,No aplica,1.0,Buen estado,,,,,,50.0,,1.0,,Apartamento,,Capurro,$,23500.0
,2024.0,,1.0,,Al frente,2.0,A estrenar,,,,,200.0,50.0,,1.0,,Casa,,El Pinar,U$S,140000.0
2.0,1977.0,,2.0,10,Al frente,2.0,Excelente estado,1.0,,,7.0,,82.0,5.0,1.0,,Apartamento,,Pocitos,$,32000.0
2.0,1975.0,,1.0,2,Interior,1.0,Reciclada,,,,43.0,,43.0,1.0,1.0,Avenida,Apartamento,,Buceo,$,13000.0
4.0,2019.0,,1.0,8,Lateral,2.0,Excelente estado,,,,3.0,,70.0,7.0,1.0,,Apartamento,,Tres Cruces,$,13000.0
4.0,1984.0,,1.0,10,Al frente,2.0,Excelente estado,,,,1.0,,49.0,6.0,1.0,,Apartamento,,Malvín Norte,$,99000.0
2.0,2001.0,,1.0,8,Al frente,1.0,Excelente estado,,,,4.0,,40.0,4.0,1.0,,Apartamento,,Centro,$,6980.0
,,,2.0,,Al frente,5.0,Excelente estado,1.0,,,6.0,320.0,180.0,,1.0,,Casa,,Flor de Maroñas,$,23500.0
,,,3.0,,Al frente,,A estrenar,3.0,,,,,650.0,,3.0,,Local Comercial,,Punta Gorda,$,40000.0
3.0,2024.0,,1.0,1,Contrafrente,1.0,Reciclada,1.0,,,,,40.0,,1.0,,Apartamento,,Belvedere,$,22000.0
4.0,2009.0,,2.0,2,Al frente,2.0,Excelente estado,2.0,,,10.0,,87.0,2.0,1.0,,Apartamento,,Carrasco,$,28000.0
,,,1.0,,No aplica,1.0,Excelente estado,,,,,,48.0,,,,Apartamento,,Pocitos,$,18500.0
2.0,1995.0,,3.0,11,Al frente,3.0,Reciclada,2.0,,,10.0,,260.0,1.0,1.0,Rambla,Apartamento,,Pocitos,$,25000.0
,2000.0,,3.0,,No aplica,3.0,Excelente estado,2.0,,,,260.0,190.0,,2.0,,Casa,,Carrasco,$,80000.0
2.0,1990.0,,3.0,11,Al frente,3.0,Excelente estado,1.0,,,4.0,,120.0,9.0,1.0,Rambla,Apartamento,,Punta Carretas,U$S,400000.0
,,,1.0,,Al frente,3.0,Excelente estado,1.0,,,,300.0,80.0,,1.0,Avenida,Casa,Si,Ciudad de la Costa,$,15000.0
,2013.0,,1.0,12,Al frente,1.0,Buen estado,1.0,,,,40.0,35.0,,1.0,,Apartamento,,Punta Carretas,U$S,56000.0
,,,1.0,,Contrafrente,2.0,Excelente estado,,,,,,48.0,,1.0,,Apartamento,,Cerro,$,28000.0
6.0,2020.0,,1.0,3,Contrafrente,,Buen estado,,,,8.0,,38.0,,1.0,Avenida,Apartamento,,Pocitos Nuevo,U$S,120000.0
,2006.0,,2.0,,Al frente,3.0,Buen estado,3.0,,,30.0,450.0,150.0,,2.0,,Casa,,Punta del Este,U$S,102000.0
,2006.0,,2.0,,Al frente,3.0,Excelente estado,2.0,,,30.0,450.0,100.0,,1.0,,Casa,,Punta del Este,U$S,72000.0
,,,3.0,11,Al frente,3.0,Reciclada,2.0,,,30.0,,145.0,,1.0,Rambla,Apartamento,,Pocitos,$,32000.0
,2010.0,,1.0,,Lateral,1.0,Excelente estado,,,,,,35.0,1.0,1.0,,Apartamento,,Barrio Sur,$,29000.0
,,,2.0,,No aplica,2.0,Buen estado,,,,,,,,,,Apartamento,,Península,$,17000.0
,,,1.0,,No aplica,1.0,Buen estado,1.0,,,,,,,,,Apartamento,,Península,$,20500.0
,2020.0,,1.0,,Interior,1.0,Excelente estado,1.0,,,5.0,,37.0,3.0,1.0,,Apartamento,,Buceo,U$S,60000.0
,,,1.0,,Al frente,,Excelente estado,,,,,,60.0,,1.0,Avenida,Local Comercial,,Ciudad Vieja,U$S,60000.0
,2006.0,,1.0,,No aplica,2.0,Excelente estado,,,,,,55.0,,2.0,,Apartamento,,La Blanqueada,$,80000.0
,2022.0,,1.0,,No aplica,,Buen estado,1.0,,,,15.0,15.0,,,,Garaje o Cochera,,Tres Cruces,$,25000.0
,2018.0,,1.0,,Al frente,2.0,Excelente estado,1.0,,,3.0,,60.0,6.0,1.0,,Apartamento,,Cordón,U$S,30000.0
4.0,2022.0,,1.0,12,Contrafrente,1.0,Excelente estado,2.0,,,,,48.0,9.0,1.0,,Apartamento,,Cordón,$,23000.0
,,,1.0,,Al frente,,A estrenar,,,,,,,,1.0,,Local Comercial,,Pocitos,$,27000.0
,,,1.0,,No aplica,2.0,Excelente estado,1.0,,,,400.0,60.0,,1.0,,Casa,,Pinamar,$,28000.0
,2016.0,,1.0,,Al frente,,Buen estado,,,,,,60.0,,,,Local Comercial,,Malvín,$,32000.0
,2022.0,,3.0,,Contrafrente,3.0,Excelente estado,1.0,,,2.0,,106.0,,1.0,,Apartamento,,Carrasco,$,3500.0
10.0,,,1.0,,No aplica,,Buen estado,1.0,,,,56.0,56.0,2.0,,,Apartamento,,Aidy Grill,$,34000.0
,2023.0,,1.0,,Al frente,2.0,A estrenar,1.0,,,20.0,100.0,77.0,,2.0,,Casa,Si,Parque Miramar,$,24000.0
,,,1.0,,No aplica,1.0,Buen estado,,,,,200.0,55.0,,,,Casa,,Club del Lago,U$S,40000.0
2.0,1966.0,,2.0,,Al frente,3.0,Buen estado,1.0,,,3.0,,80.0,7.0,1.0,,Apartamento,,Punta Carretas,$,24500.0
10.0,,,1.0,3,Al frente,2.0,Excelente estado,,,,3.0,,50.0,8.0,1.0,Avenida,Apartamento,,Pocitos Nuevo,$,50000.0
,,,3.0,,No aplica,4.0,A estrenar,1.0,,,30.0,750.0,215.0,,2.0,,Casa,,Punta del Este,U$S,96000.0
3.0,2000.0,,1.0,1,Al frente,1.0,Excelente estado,1.0,,,11.0,110.0,98.0,1.0,2.0,,Apartamento,,Puerto Buceo,U$S,30000.0
,,,3.0,,No aplica,4.0,Sin Definir,,,,,1.0,180.0,,1.0,,Casa,,Punta del Este,$,45000.0
,1978.0,,1.0,,No aplica,3.0,Excelente estado,,,,,120.0,80.0,,1.0,,Casa,Si,Buceo,U$S,30000.0
1.0,1990.0,,2.0,2,Al frente,2.0,Excelente estado,,,,64.0,,77.0,1.0,1.0,Rambla,Apartamento,,Puerto Buceo,$,50000.0
,,,2.0,,No aplica,2.0,Excelente estado,,,,,,65.0,,1.0,,Apartamento,,Pocitos,$,32000.0
4.0,2021.0,,1.0,6,Al frente,3.0,A estrenar,1.0,,,10.0,,75.0,1.0,1.0,Avenida,Apartamento,,Parque Miramar,U$S,116000.0
,2017.0,,3.0,,Al frente,5.0,Excelente estado,,,,,200.0,200.0,,2.0,,Casa,,José Ignacio,U$S,60000.0
,,,3.0,,No aplica,,Excelente estado,,,11,,11.0,,,1.0,,Chacra o Campo,,Punta Ballena,U$S,88000.0
,2023.0,,1.0,,Al frente,1.0,A estrenar,,,,1.0,1.0,50.0,,1.0,,Casa,,Malvín,$,25000.0
,1951.0,,2.0,,Al frente,2.0,Excelente estado,,,,,,100.0,,1.0,,Apartamento,,Centro,$,48000.0
1.0,,,1.0,10,Al frente,1.0,Excelente estado,,,,17.0,,41.0,10.0,1.0,,Apartamento,,Punta Carretas,$,38000.0
,,,3.0,,No aplica,3.0,Buen estado,,,,65.0,,214.0,,,,Casa,,Carrasco,$,46000.0
,2000.0,,1.0,,Al frente,2.0,Buen estado,,,,,65.0,,1.0,1.0,,Apartamento,,Pocitos,Consultar,
,,,2.0,,No aplica,1.0,Buen estado,,,,,,,,,,Apartamento,,Ciudad Vieja,U$S,452000.0
,2023.0,,1.0,21,Al frente,1.0,A estrenar,1.0,,,5.0,,55.0,13.0,1.0,Avenida,Apartamento,,Malvín,$,23000.0
,,,1.0,,No aplica,2.0,Buen estado,1.0,,,,,,,,,Casa,,Parque Miramar,$,29000.0
,,,3.0,,No aplica,4.0,Buen estado,,,,,,350.0,,2.0,,Casa,,Carrasco,$,33000.0
,,,2.0,,Al frente,,En construcción,,,,32.0,,210.0,,1.0,,Local Comercial,,Parque Batlle,U$S,220000.0
,,,1.0,,No aplica,,Excelente estado,,,,,70.0,30.0,,1.0,,Apartamento,,Paso de la Arena,$,34000.0
,,,1.0,,No aplica,3.0,Reciclada,,,,,,70.0,,1.0,,Apartamento,,Cordón,U$S,36000.0
,2023.0,,1.0,,Al frente,3.0,A estrenar,1.0,,,32.0,850.0,92.0,,1.0,,Casa,,La Floresta,$,26000.0
,2016.0,,1.0,,No aplica,2.0,Excelente estado,,,,120.0,300.0,220.0,,1.0,,Casa,Si,Centro,$,45000.0
,,,3.0,,Al frente,5.0,Buen estado,3.0,,,,480.0,285.0,,2.0,,Casa,,Carrasco,U$S,280000.0
,2000.0,,1.0,,No aplica,2.0,Excelente estado,,,,,,50.0,,1.0,,Apartamento,,Flor de Maroñas,$,125000.0
4.0,1977.0,,1.0,4,Lateral,2.0,Buen estado,1.0,,,2.0,70.0,60.0,4.0,3.0,,Apartamento,,Malvín,$,15000.0
4.0,1999.0,,1.0,17,Al frente,2.0,Excelente estado,1.0,,,5.0,,56.0,1.0,1.0,,Apartamento,,Punta del Este,$,28000.0
,2016.0,,2.0,,Al frente,,Excelente estado,,,,,76.0,76.0,,1.0,,Oficina,,Parque Batlle,Consultar,
,2015.0,,1.0,,Al frente,2.0,Excelente estado,,,,,50.0,,4.0,1.0,,Apartamento,,Arroyo Seco,$,276000.0
,2010.0,,1.0,,Al frente,2.0,Excelente estado,,,,,50.0,,3.0,1.0,,Apartamento,,Arroyo Seco,U$S,76000.0
,,,1.0,,No aplica,2.0,Excelente estado,,,,,,60.0,,1.0,,Apartamento,,La Blanqueada,$,14000.0
,2012.0,,1.0,,Al frente,3.0,Buen estado,,,,,591.0,83.0,,1.0,Avenida,Casa,,El Pinar,$,33000.0
2.0,,,2.0,10,Al frente,2.0,Buen estado,1.0,,,,,58.0,,1.0,Avenida,Apartamento,,Pocitos Nuevo,Consultar,
,1960.0,,3.0,,Al frente,3.0,Buen estado,,,,83.0,92.0,106.0,,2.0,,Casa,,Pocitos,$,35000.0
2.0,2000.0,,1.0,,Al frente,2.0,Buen estado,,,,6.0,,55.0,1.0,2.0,,Apartamento,,Cerrito,$,24900.0
,,,1.0,,No aplica,,Buen estado,12.0,,,,,470.0,,,,Apartamento,,Montevideo,$,23900.0
,,,1.0,,Al frente,1.0,Excelente estado,,,,,65.0,60.0,,1.0,,Apartamento,,Unión,$,28000.0
7.0,2018.0,,1.0,15,Al frente,1.0,Excelente estado,1.0,,,2.0,,48.0,10.0,1.0,,Apartamento,,Malvín,$,40000.0
,,,1.0,,No aplica,,Buen estado,,,,,,35.0,,1.0,,Apartamento,,Punta del Este,$,33000.0
,,,2.0,,No aplica,3.0,Excelente estado,,,,,,200.0,,1.0,,Casa,,La Floresta,$,50000.0
,,,3.0,,No aplica,3.0,Excelente estado,,,,,1.0,133.0,,1.0,,Casa,,Punta del Este,$,23500.0
,,,2.0,,No aplica,3.0,Buen estado,1.0,,,,,93.0,,1.0,,Apartamento,,Cordón,U$S,400000.0
4.0,2010.0,,1.0,10,Al frente,1.0,Excelente estado,1.0,,,,,40.0,5.0,3.0,,Apartamento,,Pocitos,$,15900.0
,,,2.0,,Al frente,2.0,Excelente estado,,,,5.0,,50.0,1.0,1.0,,Apartamento,,Punta del Este,$,24000.0
,2000.0,,1.0,,Al frente,1.0,Buen estado,,,,,300.0,50.0,,1.0,,Casa,,Paso de la Arena,$,21000.0
,,,3.0,,Al frente,3.0,Buen estado,1.0,,,,,100.0,,1.0,,Apartamento,Si,Puerto Buceo,$,30000.0
,,,1.0,,Al frente,2.0,Buen estado,1.0,,,,,50.0,,1.0,,Apartamento,Si,Pocitos,$,75000.0
2.0,1970.0,,1.0,9,Al frente,2.0,Excelente estado,,,,,,65.0,2.0,1.0,Rambla,Apartamento,,Pocitos,$,35000.0
3.0,,,1.0,12,Al frente,1.0,Buen estado,1.0,,,6.0,,43.0,6.0,1.0,,Apartamento,,Pocitos,$,30000.0
,2020.0,,1.0,,Al frente,2.0,Excelente estado,,,,,65.0,,1.0,1.0,,Apartamento,,Aguada,$,26500.0
1.0,2024.0,,1.0,1,Al frente,1.0,Reciclada,,,,,,100.0,2.0,1.0,,Apartamento,,Centro,Consultar,
1.0,1980.0,,3.0,9,Al frente,3.0,Excelente estado,1.0,,,12.0,,94.0,7.0,1.0,,Apartamento,,Pocitos Nuevo,U$S,63600.0
,2023.0,,1.0,,Al frente,1.0,Buen estado,,,,3.0,,58.0,9.0,,,Apartamento,,Pocitos,U$S,40000.0
,2023.0,,1.0,,Al frente,1.0,A estrenar,1.0,,,,70.0,,6.0,1.0,,Apartamento,,Punta Carretas,U$S,39200.0
,1993.0,,2.0,,Al frente,2.0,Buen estado,,,,,58.0,,,1.0,,Apartamento,,Palermo,$,27500.0
,2014.0,,1.0,,No aplica,,Buen estado,,,,9.0,,39.0,1.0,1.0,,Apartamento,,Punta Carretas,$,26900.0
,2019.0,,,,,,Buen estado,1.0,,,,,,,,,Garaje o Cochera,,Pocitos,$,23000.0
,2015.0,,2.0,,Al frente,3.0,Excelente estado,2.0,,,,149.0,,1.0,1.0,,Apartamento,,Carrasco,U$S,64000.0
,2023.0,,1.0,,Al frente,1.0,Buen estado,1.0,,,5.0,,62.0,5.0,,,Apartamento,,Punta Carretas,U$S,43200.0
,1970.0,,3.0,,Lateral,4.0,Excelente estado,1.0,,,,1.0,340.0,,2.0,,Casa,,Atlántida Sur,U$S,60400.0
,,,1.0,,Al frente,1.0,A estrenar,,,,,53.0,43.0,402.0,1.0,,Apartamento,,La Blanqueada,$,24000.0
,2023.0,,1.0,,Al frente,,A estrenar,1.0,,,,600.0,,,1.0,,Apartamento,,Malvín,$,29900.0
,1990.0,,3.0,,No aplica,4.0,Buen estado,,,,,786.0,173.0,,,,Casa,,Barrio Córdoba,$,4500.0
2.0,2016.0,,3.0,3,No aplica,3.0,Buen estado,1.0,,,10.0,,126.0,1.0,1.0,,Apartamento,,Lagomar,U$S,96000.0
,2015.0,,1.0,,Al frente,3.0,Excelente estado,,,,,350.0,90.0,,2.0,Avenida,Casa,,Atlántida Sur,U$S,55600.0
,2013.0,,3.0,,Al frente,4.0,Excelente estado,,,,150.0,8.0,200.0,,1.0,Rambla,Casa,,Punta Colorada,$,48000.0
2.0,2013.0,,3.0,,Al frente,3.0,Excelente estado,1.0,,,,,135.0,,1.0,,Apartamento,,Punta Carretas,$,27000.0
5.0,50.0,,3.0,6,Al frente,2.0,Excelente estado,,,,20.0,,110.0,1.0,1.0,,Apartamento,Si,Centro,$,21000.0
,1970.0,,1.0,,Al frente,3.0,Buen estado,,,,,90.0,90.0,,1.0,,Casa,,Lagomar,N/A,
4.0,,,1.0,4,Al frente,1.0,Reciclada,1.0,,,,,45.0,6.0,3.0,,Apartamento,Si,Centro,U$S,96000.0
4.0,,,2.0,4,Contrafrente,2.0,Buen estado,1.0,,,,,50.0,1.0,3.0,,Apartamento,,Punta del Este,U$S,92000.0
,2013.0,,3.0,,Al frente,2.0,Excelente estado,1.0,,,,130.0,,3.0,1.0,,Apartamento,,Punta Carretas,$,28000.0
2.0,,,1.0,4,Al frente,1.0,A estrenar,2.0,,,2.0,,45.0,4.0,3.0,Avenida,Apartamento,Si,Centro,Consultar,
,2008.0,,3.0,,Al frente,2.0,Excelente estado,,,,,130.0,,3.0,1.0,,Apartamento,,Punta Carretas,$,56900.0
4.0,,,1.0,,Al frente,2.0,Excelente estado,,,,,,60.0,,1.0,,Apartamento,,Prado,$,32000.0
,1978.0,,1.0,,Al frente,2.0,Buen estado,1.0,,,,,50.0,,,,Apartamento,,Malvín,$,42000.0
4.0,1971.0,,1.0,10,Al frente,2.0,Buen estado,1.0,,,2.0,,55.0,6.0,1.0,,Apartamento,,Malvín Norte,U$S,2800.0
,1990.0,,2.0,,Al frente,2.0,Buen estado,1.0,,,,82.0,,8.0,1.0,,Apartamento,,Pocitos,Consultar,
4.0,1971.0,,1.0,10,Al frente,2.0,Buen estado,1.0,,,2.0,,50.0,,1.0,,Apartamento,,Malvín Norte,U$S,76000.0
2.0,,,2.0,,Al frente,3.0,Excelente estado,,,,,,95.0,8.0,1.0,,Apartamento,,Centro,U$S,2800.0
2.0,,,2.0,10,Al frente,2.0,Excelente estado,1.0,,,6.0,,70.0,1.0,1.0,,Apartamento,,Pocitos,U$S,68000.0
,2021.0,,1.0,,Al frente,1.0,Excelente estado,,,,,48.0,,,1.0,,Apartamento,,Pocitos Nuevo,$,16500.0
,,,1.0,,No aplica,2.0,Buen estado,,,,,,60.0,,1.0,,Apartamento,,Malvín,$,33000.0
,1960.0,,1.0,,Al frente,2.0,Buen estado,,,,3.0,67.0,65.0,,1.0,Avenida,Casa,,Cerrito,$,18500.0
,1970.0,,1.0,,Al frente,2.0,Buen estado,2.0,,,,492.0,105.0,,1.0,,Casa,,Carrasco Norte,$,37000.0
,,,2.0,,Al frente,2.0,Buen estado,2.0,,,65.0,130.0,130.0,,1.0,,Casa,,Bolivar,$,16000.0
1.0,1991.0,,1.0,1,Al frente,2.0,Excelente estado,1.0,,,4.0,,60.0,2.0,1.0,,Apartamento,,Bolivar,$,32500.0
,,,1.0,,No aplica,1.0,,1.0,,,,60.0,56.0,,,,Apartamento,,Tres Cruces,$,38000.0
3.0,2023.0,,1.0,4,Al frente,1.0,A estrenar,1.0,,,,48.0,30.0,1.0,1.0,,Apartamento,,Pocitos Nuevo,$,26000.0
,1986.0,,2.0,,Al frente,2.0,Reciclada,1.0,,,25.0,700.0,75.0,,2.0,,Casa,,Piriápolis,$,26500.0
,,,1.0,,No aplica,1.0,,,,,,40.0,40.0,,,,Apartamento,,Centro,$,23000.0
,1950.0,,1.0,,Al frente,,Reciclada,,,,,50.0,50.0,,1.0,,Oficina,,Centro,$,39000.0
,,,1.0,,Interior,1.0,Buen estado,,,,,,40.0,,1.0,,Apartamento,,Bella Vista,$,38000.0
,2022.0,,2.0,4,No aplica,2.0,Excelente estado,1.0,,,19.0,,104.0,3.0,1.0,,Apartamento,Si,Carrasco Este,$,29000.0
14.0,1960.0,,1.0,1,Al frente,1.0,Excelente estado,,,,,,37.0,,1.0,,Apartamento,,Malvín,$,25000.0
,1970.0,,2.0,,Al frente,5.0,Buen estado,2.0,,,,500.0,260.0,,1.0,,Casa,,Pocitos,$,31000.0
,,,1.0,,Al frente,1.0,A estrenar,1.0,,,,,,,1.0,,Apartamento,,Punta Carretas,U$S,3800.0
2.0,1968.0,,1.0,2,Contrafrente,1.0,Reciclada,,,,,55.0,55.0,,1.0,,Apartamento,,Ciudad Vieja,$,21500.0
,2016.0,,3.0,,,3.0,Buen estado,2.0,,,,1.0,,,2.0,,Casa,,Barrios Privados,$,15000.0
,1938.0,,1.0,,Al frente,2.0,Excelente estado,,,,5.0,,67.0,,1.0,,Apartamento,,Cordón,$,14000.0
,,,3.0,,No aplica,4.0,Excelente estado,,,,50.0,500.0,200.0,,2.0,,Casa,Si,La Paloma,U$S,63600.0
,2014.0,,2.0,,Al frente,3.0,Excelente estado,3.0,,,,881.0,254.0,,2.0,,Casa,,Carrasco Norte,$,22000.0
,2022.0,,1.0,,No aplica,,Sin Definir,,,3,,3.0,50.0,,1.0,,Chacra o Campo,,El Colorado,U$S,132000.0
,,,1.0,,Al frente,1.0,Excelente estado,1.0,,,,170.0,100.0,,1.0,,Casa,,Punta del Este,$,27000.0
,1995.0,,1.0,5,Al frente,1.0,Excelente estado,1.0,,,3.0,,45.0,1.0,1.0,Rambla,Apartamento,,Punta del Este,$,22000.0
,2023.0,,1.0,,Al frente,,Reciclada,,,,,,33.0,,1.0,,Oficina,,Carrasco,U$S,120000.0
,1980.0,,1.0,,No aplica,3.0,Buen estado,,,,,70.0,70.0,3.0,,,Apartamento,,Unión,$,30000.0
,2023.0,,1.0,,Al frente,,Excelente estado,2.0,,,5.0,,63.0,,1.0,Avenida,Oficina,,Carrasco,$,450.0
2.0,1980.0,,2.0,,Al frente,2.0,Buen estado,1.0,,,,,,8.0,,,Apartamento,,Pocitos,U$S,200000.0
,2014.0,,1.0,,No aplica,,Buen estado,,,,,34.0,34.0,,,,Apartamento,,Pocitos,$,25000.0
,1989.0,,1.0,,No aplica,1.0,Buen estado,,,,,36.0,36.0,3.0,,,Apartamento,,Pocitos,$,19000.0
,2018.0,,2.0,,No aplica,2.0,Buen estado,1.0,,,,87.0,80.0,3.0,,,Apartamento,,Carrasco Barrios con Seguridad,Consultar,
,,,1.0,,No aplica,1.0,Excelente estado,,,,,,100.0,,1.0,,Apartamento,,Piriápolis,U$S,40000.0
,,,1.0,,No aplica,2.0,Sin Definir,,,,,95.0,68.0,,1.0,,Casa,,Sayago,$,28900.0
,1980.0,,1.0,,Al frente,3.0,Reciclada,1.0,,,,75.0,70.0,,1.0,Avenida,Casa,,Unión,U$S,72000.0
50.0,1990.0,,1.0,2,Al frente,1.0,Buen estado,1.0,,,10.0,45.0,35.0,,1.0,,Apartamento,,Punta del Este,$,37000.0
,2022.0,,3.0,,Al frente,3.0,Excelente estado,3.0,,,,800.0,150.0,,1.0,,Casa,,Mirador de La Tahona,$,19500.0
,2009.0,,1.0,10,No aplica,1.0,Sin Definir,,,,,8.0,45.0,,3.0,,Apartamento,,Pocitos Nuevo,$,20500.0
,,,3.0,,No aplica,3.0,Excelente estado,3.0,,,,900.0,350.0,,3.0,,Casa,,Piriápolis,$,53300.0
4.0,2006.0,,1.0,10,Al frente,3.0,Excelente estado,,,,8.0,,70.0,3.0,2.0,Avenida,Apartamento,,Aguada,$,22800.0
,2000.0,,2.0,,Al frente,2.0,Buen estado,1.0,,,5.0,,70.0,3.0,1.0,,Apartamento,,Pocitos,$,18500.0
,1999.0,,1.0,,Al frente,1.0,Buen estado,,,,,7.0,,6.0,1.0,,Apartamento,,Tres Cruces,$,30000.0
,,,1.0,,No aplica,,Sin Definir,,,,,,,,1.0,,Negocio Especial,,Solymar,$,19900.0
,2018.0,,1.0,,Al frente,,Buen estado,1.0,,,,50.0,,7.0,1.0,,Apartamento,,Tres Cruces,U$S,96000.0
,1960.0,,2.0,,Al frente,3.0,Buen estado,2.0,,,,155.0,,10.0,1.0,,Apartamento,,Pocitos,$,26500.0
,,,1.0,,Al frente,2.0,Excelente estado,1.0,,,,,70.0,3.0,1.0,,Apartamento,,Pocitos,Consultar,
,2023.0,,1.0,,Al frente,2.0,A estrenar,1.0,,,,1.0,,9.0,1.0,,Apartamento,,Maldonado,$,28000.0
,1995.0,,1.0,,Al frente,1.0,Buen estado,,,,,32.0,,1.0,1.0,,Apartamento,,Pocitos,$,33000.0
,,,1.0,,No aplica,,,,,,,36.0,36.0,,,,Apartamento,,Centro,$,25500.0
2.0,1948.0,,1.0,3,Al frente,2.0,Reciclada,,,,6.0,,70.0,3.0,3.0,,Apartamento,,Ciudad Vieja,$,12000.0
,,,1.0,,No aplica,2.0,Sin Definir,1.0,,,,300.0,75.0,,1.0,,Casa,,Neptunia,$,28000.0
,,,2.0,,Al frente,1.0,Excelente estado,,,,,64.0,64.0,,1.0,,Casa,,Aguada,$,62000.0
5.0,,,1.0,,Contrafrente,,Excelente estado,,,,,,32.0,11.0,1.0,,Apartamento,,Pocitos Nuevo,$,33500.0
8.0,2020.0,,2.0,11,Al frente,2.0,A estrenar,,,,15.0,,109.0,1.0,1.0,,Apartamento,Si,Malvín,U$S,48000.0
,,,1.0,2,Al frente,2.0,Excelente estado,1.0,,,,,50.0,2.0,1.0,,Apartamento,,Punta del Este,$,30000.0
,1956.0,,2.0,,No aplica,3.0,Buen estado,,,,,140.0,140.0,,,,Casa,,Pocitos,$,12000.0
5.0,,,2.0,4,No aplica,2.0,Excelente estado,1.0,,,,,68.0,3.0,3.0,,Apartamento,,Punta del Este,$,24000.0
2.0,1980.0,,1.0,9,Al frente,2.0,Excelente estado,,,,5.0,,55.0,6.0,1.0,,Apartamento,Si,Parque Rodó,$,22000.0
4.0,,,1.0,3,Al frente,2.0,Excelente estado,,,,,,50.0,1.0,3.0,,Apartamento,,Aidy Grill,N/A,
2.0,1998.0,,1.0,2,Al frente,2.0,Excelente estado,,,,4.0,,55.0,2.0,3.0,,Apartamento,Si,Punta del Este,$,22000.0
,,,1.0,,Al frente,2.0,Buen estado,,,,,83.0,83.0,,1.0,,Casa,,Pocitos,$,23000.0
,1980.0,,2.0,10,Al frente,2.0,Reciclada,1.0,,,,,75.0,2.0,1.0,,Apartamento,,Pocitos,$,65000.0
,,,1.0,,No aplica,2.0,Buen estado,,,,,58.0,58.0,,,,Apartamento,,Prado,$,32000.0
,,,1.0,,Al frente,1.0,Buen estado,,,,,48.0,48.0,,,,Apartamento,,Centro,$,80000.0
4.0,1974.0,,1.0,8,Al frente,2.0,Excelente estado,,,,,,60.0,7.0,1.0,,Apartamento,,Centro,U$S,50000.0
,,,1.0,,Al frente,1.0,A estrenar,,,,,,39.0,,,,Apartamento,,Malvín,$,32000.0
2.0,1961.0,,3.0,10,Al frente,4.0,Buen estado,1.0,,,4.0,,115.0,,1.0,Avenida,Apartamento,,Pocitos,U$S,34000.0
5.0,2016.0,,1.0,6,Al frente,1.0,Excelente estado,,,,8.0,,50.0,1.0,1.0,Avenida,Apartamento,,Bella Vista,$,28000.0
4.0,2009.0,,1.0,10,Contrafrente,,Buen estado,,,,,,23.0,4.0,1.0,,Apartamento,,Pocitos,$,37500.0
,1950.0,,1.0,,Interior,1.0,Buen estado,,,,5.0,,40.0,,1.0,Rambla,Apartamento,,Parque Rodó,$,35000.0
,1989.0,,1.0,,Contrafrente,1.0,Buen estado,,,,,,42.0,,,,Apartamento,,La Blanqueada,$,23000.0
4.0,2016.0,,1.0,12,Al frente,,Excelente estado,,,,,,35.0,1.0,1.0,Avenida,Apartamento,,Parque Rodó,$,22000.0
6.0,1980.0,,1.0,2,Interior,1.0,Excelente estado,,,,,,45.0,1.0,1.0,,Apartamento,,Unión,$,25000.0
5.0,,,1.0,1,Al frente,2.0,Excelente estado,,,,,,55.0,1.0,1.0,,Apartamento,,Reducto,$,23000.0
8.0,2023.0,,1.0,21,Al frente,1.0,A estrenar,,,,3.0,,45.0,1.0,1.0,,Apartamento,,Malvín,$,50000.0
,1999.0,,1.0,,Al frente,1.0,Buen estado,,,,,,40.0,,,,Apartamento,,Punta Carretas,$,21600.0
,,,1.0,,Lateral,1.0,A estrenar,,,,,,45.0,,,,Apartamento,,Cordón,$,17000.0
8.0,2023.0,,1.0,21,Contrafrente,2.0,A estrenar,1.0,,,3.0,,50.0,6.0,1.0,Avenida,Apartamento,,Malvín,$,20500.0
10.0,2023.0,,1.0,21,Lateral,1.0,A estrenar,1.0,,,3.0,,45.0,5.0,1.0,Avenida,Apartamento,,Malvín,$,22000.0
,,,1.0,10,Al frente,,Buen estado,,,,,,50.0,10.0,1.0,,Apartamento,,Cordón,$,20000.0
2.0,1983.0,,1.0,3,Al frente,3.0,Buen estado,,,,3.0,,64.0,,1.0,,Apartamento,,Villa Española,$,19000.0
3.0,1982.0,,1.0,7,Al frente,1.0,Reciclada,,,,,,42.0,6.0,1.0,,Apartamento,Si,Cordón,$,20000.0
,,,1.0,,Al frente,1.0,Buen estado,,,,,,50.0,3.0,1.0,,Apartamento,,Prado,$,21500.0
,,,1.0,,No aplica,2.0,Reciclada,,,,51.0,,51.0,1.0,1.0,,Apartamento,,Punta Carretas,$,26500.0
2.0,,,1.0,3,Al frente,3.0,Excelente estado,,,,,,60.0,2.0,2.0,,Apartamento,,Sayago,$,23500.0
,,,1.0,,Interior,2.0,Buen estado,,,,,,50.0,,1.0,,Apartamento,,Cordón,$,32500.0
,2022.0,,1.0,,No aplica,1.0,A estrenar,,,,,,50.0,,1.0,,Apartamento,,Aguada,$,26000.0
5.0,2016.0,,1.0,5,Contrafrente,1.0,Excelente estado,,,,2.0,,30.0,3.0,1.0,,Apartamento,,Malvín,$,18000.0
9.0,2023.0,,1.0,27,Al frente,1.0,A estrenar,1.0,,,4.0,,46.0,10.0,1.0,,Apartamento,,Pocitos,$,27500.0
,1989.0,,3.0,,Al frente,3.0,Buen estado,1.0,,,,101.0,,11.0,1.0,,Apartamento,,Villa Biarritz,$,19900.0
3.0,,,1.0,1,Lateral,2.0,Excelente estado,,,,,,70.0,,1.0,,Apartamento,,La Blanqueada,$,28500.0
6.0,2018.0,,1.0,6,Al frente,1.0,Excelente estado,1.0,,,8.0,,45.0,2.0,1.0,,Apartamento,,Puerto Buceo,$,35000.0
,2015.0,,1.0,,Al frente,1.0,Excelente estado,1.0,,,6.0,,50.0,7.0,1.0,,Apartamento,,Buceo,$,19800.0
,1998.0,,2.0,,Al frente,2.0,Buen estado,,,,2.0,,74.0,4.0,,,Apartamento,,Centro,$,21500.0
3.0,2018.0,,1.0,,Al frente,2.0,Buen estado,1.0,,,2.0,,54.0,7.0,,,Apartamento,,Centro,$,22000.0
2.0,,,2.0,6,Al frente,3.0,Buen estado,,,,,,77.0,,3.0,,Apartamento,,Bella Vista,$,23000.0
,,,2.0,,No aplica,2.0,Excelente estado,1.0,,,,,85.0,,1.0,,Apartamento,,Punta del Este,U$S,43600.0
,,,2.0,,No aplica,2.0,Excelente estado,1.0,,,,,75.0,,1.0,,Apartamento,,Punta del Este,$,55000.0
,,,2.0,,No aplica,2.0,Excelente estado,1.0,,,,,75.0,20.0,1.0,Avenida,Apartamento,,Punta del Este,$,20400.0
,2014.0,,1.0,,Al frente,1.0,Excelente estado,1.0,,,,,45.0,,1.0,,Apartamento,,Belvedere,U$S,56000.0
,,,1.0,,No aplica,1.0,Excelente estado,,,,,,45.0,,1.0,,Apartamento,,Cordón,U$S,52000.0
,2017.0,,1.0,10,Contrafrente,,Excelente estado,,,,17.0,,48.0,1.0,1.0,,Apartamento,,Pocitos Nuevo,$,26000.0
,2004.0,,1.0,,Al frente,,Excelente estado,,,,,,38.0,,1.0,,Oficina,,Centro,$,32000.0
,2006.0,,2.0,,Al frente,2.0,Buen estado,,,,,58.0,,10.0,1.0,,Apartamento,,Punta Carretas,$,30000.0
,1986.0,,1.0,,Al frente,2.0,Buen estado,,,,,50.0,,9.0,1.0,,Apartamento,,La Blanqueada,$,1700.0
,1990.0,,1.0,,Al frente,3.0,Buen estado,,,,,63.0,,3.0,1.0,,Apartamento,,Buceo,U$S,60000.0
,1942.0,,3.0,,Al frente,5.0,Buen estado,,,,,1.0,450.0,,2.0,,Casa,,Carrasco,U$S,60000.0
3.0,,,1.0,,Al frente,,Buen estado,,,,,,,7.0,,,Apartamento,,Centro,$,15500.0
,,,2.0,10,Al frente,2.0,Excelente estado,1.0,,,,,65.0,,1.0,,Apartamento,,Pocitos,$,25000.0
4.0,,,1.0,,Al frente,1.0,Buen estado,,,,,,,10.0,,,Apartamento,,Parque Batlle,$,23000.0
,1994.0,,1.0,,,1.0,Buen estado,,,,,29.0,29.0,,1.0,,Apartamento,,Piedras Blancas,$,15000.0
,,,1.0,,Al frente,1.0,Excelente estado,,,,5.0,,35.0,,1.0,,Apartamento,,Cordón,$,35000.0
4.0,,,2.0,,No aplica,2.0,Buen estado,1.0,,,,60.0,60.0,4.0,,,Apartamento,,Punta del Este,$,27000.0
,1975.0,,2.0,,No aplica,2.0,Buen estado,,,,,80.0,80.0,,,,Apartamento,,Aidy Grill,$,26000.0
,,,2.0,10,Al frente,2.0,Excelente estado,1.0,,,,,65.0,,1.0,,Apartamento,,Pocitos,U$S,400000.0
4.0,,,1.0,,Al frente,1.0,Buen estado,,,,,,,10.0,,,Apartamento,,Parque Batlle,$,16500.0
,1994.0,,1.0,,,1.0,Buen estado,,,,,29.0,29.0,,1.0,,Apartamento,,Piedras Blancas,$,35000.0
,,,1.0,,Al frente,1.0,Excelente estado,,,,5.0,,35.0,,1.0,,Apartamento,,Cordón,$,24000.0
4.0,,,2.0,,No aplica,2.0,Buen estado,1.0,,,,60.0,60.0,4.0,,,Apartamento,,Punta del Este,$,9500.0
,1975.0,,2.0,,No aplica,2.0,Buen estado,,,,,80.0,80.0,,,,Apartamento,,Aidy Grill,$,23000.0
,,,2.0,,Contrafrente,2.0,Excelente estado,1.0,,,,,84.0,,1.0,,Apartamento,,Malvín,$,1200.0
,1970.0,,1.0,,No aplica,,Buen estado,,,,,30.0,,11.0,1.0,,Apartamento,,Cordón,$,35000.0
,,,1.0,,No aplica,3.0,Buen estado,,,,,,,,,,Apartamento,,Colón,$,35000.0
,2019.0,,3.0,,Al frente,2.0,Excelente estado,1.0,,,,143.0,,1.0,1.0,,Apartamento,,Golf,$,24000.0
3.0,,,2.0,20,Al frente,3.0,Buen estado,2.0,,,,,90.0,7.0,1.0,,Apartamento,,Centro,$,9500.0
,2022.0,,1.0,,Al frente,1.0,Excelente estado,1.0,,,5.0,74.0,65.0,,1.0,,Casa,,Shangrilá,$,23000.0
,1999.0,,1.0,,Al frente,1.0,Buen estado,1.0,,,,190.0,190.0,,2.0,Avenida,Casa,,Lagomar,$,1200.0
,,,3.0,,Al frente,5.0,Buen estado,,,,,550.0,550.0,,2.0,Avenida,Casa,,Aguada,$,35000.0
8.0,2023.0,,1.0,14,Al frente,1.0,A estrenar,,,,4.0,4.0,40.0,,3.0,Avenida,Apartamento,,Malvín,U$S,54000.0
,2000.0,,1.0,,Al frente,,Buen estado,,,,,34.0,34.0,,1.0,,Oficina,,Centro,$,17000.0
4.0,2007.0,,1.0,10,Al frente,1.0,Excelente estado,,,,5.0,55.0,55.0,3.0,1.0,,Apartamento,,Pocitos,$,17000.0
,,,1.0,,No aplica,4.0,Excelente estado,,,,,,170.0,,1.0,,Apartamento,,Centro,U$S,86000.0
1.0,2013.0,,3.0,10,Al frente,3.0,Excelente estado,3.0,,,18.0,226.0,226.0,7.0,1.0,,Apartamento,,Punta Carretas,$,32000.0
1.0,2008.0,,3.0,13,Al frente,4.0,Excelente estado,3.0,,,18.0,343.0,345.0,10.0,1.0,Rambla,Apartamento,,Pocitos Nuevo,$,25000.0
,,,1.0,,No aplica,1.0,Buen estado,,,,,,35.0,,,,Apartamento,,Prado,$,30000.0
,2000.0,,1.0,,Contrafrente,,Excelente estado,,,,3.0,,22.0,6.0,1.0,Avenida,Apartamento,,Pocitos,$,85000.0
4.0,1960.0,,1.0,6,Al frente,1.0,Buen estado,,,,8.0,,55.0,4.0,1.0,,Apartamento,,Cordón,$,25000.0
,,,2.0,,Interior,3.0,Buen estado,,,,,,82.0,,,,Apartamento,,Ciudad Vieja,$,24000.0
,1993.0,,1.0,12,Al frente,1.0,Buen estado,,,,,30.0,30.0,11.0,,,Apartamento,,Centro,$,38000.0
,2014.0,,2.0,,Al frente,1.0,Excelente estado,1.0,,,2.0,,56.0,1.0,1.0,,Apartamento,,Buceo,$,25000.0
,,,3.0,,No aplica,3.0,Excelente estado,2.0,,,,,139.0,,1.0,,Apartamento,,Carrasco,U$S,116000.0
,,,2.0,,No aplica,2.0,Excelente estado,2.0,,,,,136.0,,1.0,,Apartamento,,Carrasco,U$S,200000.0
,,,3.0,,Al frente,3.0,Excelente estado,2.0,,,26.0,,152.0,,1.0,,Apartamento,,Punta Gorda,$,15500.0
,,,3.0,,Al frente,3.0,Excelente estado,2.0,,,,20.0,160.0,,1.0,,Casa,,Carrasco,$,19000.0
2.0,2023.0,,2.0,10,Al frente,2.0,Excelente estado,1.0,,,,90.0,90.0,1.0,1.0,,Apartamento,,Golf,$,20000.0
2.0,2023.0,,2.0,10,Al frente,2.0,Excelente estado,1.0,,,,90.0,90.0,1.0,1.0,,Apartamento,,Punta Carretas,$,47000.0
3.0,,,1.0,2,Al frente,1.0,Excelente estado,,,,,,45.0,2.0,1.0,,Apartamento,,Ituzaingó,$,18000.0
2.0,,,2.0,10,Al frente,3.0,Buen estado,1.0,,,7.0,,75.0,4.0,1.0,,Apartamento,,Pocitos,$,31000.0
2.0,,,1.0,10,Al frente,1.0,Buen estado,1.0,,,,,40.0,7.0,1.0,,Apartamento,,Punta Carretas,U$S,96000.0
,,,1.0,,Al frente,,Buen estado,,,,,,12.0,,1.0,,Local Comercial,,Centro,U$S,88000.0
3.0,,,1.0,10,Al frente,1.0,Buen estado,,,,7.0,,50.0,3.0,1.0,,Apartamento,,Pocitos,U$S,152000.0
,,,1.0,,No aplica,2.0,Buen estado,,,,,,50.0,,,,Apartamento,,Prado,U$S,172000.0
,,,1.0,,Al frente,1.0,Buen estado,1.0,,,,,33.0,,,,Apartamento,,Cordón,U$S,50000.0
2.0,,,1.0,3,Al frente,2.0,Excelente estado,,,,3.0,,46.0,1.0,1.0,,Apartamento,,Centro,$,49000.0
,2020.0,,3.0,,Al frente,3.0,A estrenar,1.0,,,2.0,200.0,110.0,,2.0,,Casa,,El Pinar,$,12000.0
8.0,1960.0,,1.0,10,Al frente,1.0,Excelente estado,,,,35.0,,35.0,5.0,1.0,,Apartamento,Si,Centro,$,39000.0
4.0,2012.0,,2.0,13,Al frente,2.0,Excelente estado,1.0,,,5.0,,75.0,12.0,1.0,,Apartamento,,Malvín,$,25000.0
,2020.0,,1.0,14,Al frente,2.0,Excelente estado,,,,8.0,,68.0,6.0,1.0,,Apartamento,,Malvín,$,14000.0
5.0,2022.0,,1.0,,No aplica,,Buen estado,,,,5.0,35.0,35.0,1.0,,,Apartamento,,Pocitos,$,27000.0
1.0,1950.0,,2.0,2,Al frente,2.0,Buen estado,,,,,,55.0,,1.0,,Apartamento,,Cordón,$,24000.0
6.0,1983.0,,1.0,,No aplica,1.0,Excelente estado,,,,,40.0,40.0,2.0,1.0,,Apartamento,,La Blanqueada,$,23000.0
,1945.0,,2.0,,Al frente,,Buen estado,1.0,,,,140.0,80.0,,1.0,,Oficina,,La Blanqueada,$,26000.0
,30.0,,1.0,,No aplica,3.0,Buen estado,,,,,65.0,65.0,,,,Apartamento,,Perez Castellanos,U$S,38000.0
,,,2.0,,Al frente,2.0,Buen estado,1.0,,,,,60.0,,,,Apartamento,,Pocitos,$,18000.0
,1975.0,,1.0,,No aplica,3.0,Buen estado,,,,,60.0,60.0,9.0,,,Apartamento,,Centro,$,43000.0
,2024.0,,1.0,,Al frente,,A estrenar,,,,43.0,,358.0,6.0,1.0,,Apartamento,,Cordón,$,35000.0
4.0,1972.0,,1.0,9,Contrafrente,2.0,Buen estado,,,,5.0,,65.0,4.0,1.0,,Apartamento,,Pocitos,$,29500.0
,2011.0,,3.0,,No aplica,3.0,Excelente estado,3.0,,,,,167.0,,1.0,,Apartamento,,Carrasco,$,24700.0
,,,3.0,,No aplica,3.0,Excelente estado,2.0,,,,465.0,134.0,,1.0,,Casa,,Parque Miramar,$,23000.0
,2007.0,,3.0,,Al frente,4.0,Excelente estado,1.0,,,,390.0,267.0,,2.0,,Casa,,Pocitos,$,59000.0
6.0,2023.0,,1.0,15,Lateral,2.0,A estrenar,,,,2.0,,68.0,6.0,1.0,,Apartamento,Si,Centro,$,24000.0
,2020.0,,3.0,,Al frente,,Excelente estado,,,,30.0,,200.0,,1.0,,Local Comercial,,Pocitos,$,38000.0
,2013.0,,2.0,,No aplica,,Excelente estado,,,,,120.0,120.0,,1.0,,Local Comercial,,Cordón,$,32000.0
,2020.0,,1.0,,Al frente,1.0,Excelente estado,,,,,70.0,40.0,,1.0,,Apartamento,,Pocitos,$,22000.0
,2020.0,,1.0,,Al frente,,Excelente estado,,,,,27.0,27.0,,1.0,,Apartamento,,Pocitos,$,28000.0
,2021.0,,2.0,,No aplica,,Excelente estado,1.0,,,,400.0,400.0,,2.0,,Local Comercial,,Pocitos,U$S,112000.0
,,,1.0,,No aplica,2.0,Excelente estado,,,,,,70.0,,,,Apartamento,,Belvedere,U$S,110000.0
